problem_id,pop8_l0_plus_l0b_correct_of_16,ncand,cache_miss,pass16_by_id,match
cf-00000,5,16,0,5,True
cf-00001,16,16,0,16,True
cf-00002,0,16,0,0,True
cf-00003,16,16,0,16,True
cf-00004,15,16,0,15,True
cf-00005,12,16,0,12,True
cf-00006,13,16,0,13,True
cf-00007,14,16,0,14,True
cf-00008,16,16,0,16,True
cf-00009,16,16,0,16,True
cf-00010,0,16,0,0,True
cf-00011,6,16,0,6,True
cf-00012,0,16,0,0,True
cf-00013,16,16,0,16,True
cf-00014,1,16,0,1,True
cf-00015,15,16,0,15,True
cf-00016,7,16,0,7,True
cf-00017,0,16,0,0,True
cf-00018,7,16,0,7,True
cf-00019,7,16,0,7,True
cf-00020,16,16,0,16,True
cf-00021,14,16,0,14,True
cf-00022,16,16,0,16,True
cf-00023,13,16,0,13,True
cf-00024,16,16,0,16,True
cf-00025,16,16,0,16,True
cf-00026,16,16,0,16,True
cf-00027,0,16,0,0,True
cf-00028,0,16,0,0,True
cf-00029,2,16,0,2,True
cf-00030,11,16,0,11,True
cf-00031,7,16,0,7,True
cf-00032,2,16,0,2,True
cf-00033,15,16,0,15,True
cf-00034,10,16,0,10,True
cf-00035,6,16,0,6,True
cf-00036,0,16,0,0,True
cf-00037,16,16,0,16,True
cf-00038,4,16,0,4,True
cf-00039,0,16,0,0,True
cf-00040,15,16,0,15,True
cf-00041,15,16,0,15,True
cf-00042,15,16,0,15,True
cf-00043,3,16,0,3,True
cf-00044,16,16,0,16,True
cf-00045,0,16,0,0,True
cf-00046,16,16,0,16,True
cf-00047,10,16,0,10,True
cf-00048,1,16,0,1,True
cf-00049,3,16,0,3,True
cf-00050,16,16,0,16,True
cf-00051,1,16,0,1,True
cf-00052,1,16,0,1,True
cf-00053,11,16,0,11,True
cf-00054,9,16,0,9,True
cf-00055,1,16,0,1,True
cf-00056,15,16,0,15,True
cf-00057,14,16,0,14,True
cf-00058,0,16,0,0,True
cf-00059,16,16,0,16,True
cf-00060,13,16,0,13,True
cf-00061,0,16,0,0,True
cf-00062,5,16,0,5,True
cf-00063,8,16,0,8,True
cf-00064,11,16,0,11,True
cf-00065,14,16,0,14,True
cf-00066,13,16,0,13,True
cf-00067,15,16,0,15,True
cf-00068,16,16,0,16,True
cf-00069,0,16,0,0,True
cf-00070,15,16,0,15,True
cf-00071,16,16,0,16,True
cf-00072,10,16,0,10,True
cf-00073,4,16,0,4,True
cf-00074,16,16,0,16,True
cf-00075,11,16,0,11,True
cf-00076,0,16,0,0,True
cf-00077,13,16,0,13,True
cf-00078,16,16,0,16,True
cf-00079,9,16,0,9,True
cf-00080,15,16,0,15,True
cf-00081,2,16,0,2,True
cf-00082,1,16,0,1,True
cf-00083,3,16,0,3,True
cf-00084,8,16,0,8,True
cf-00085,0,16,0,0,True
cf-00086,16,16,0,16,True
cf-00087,0,16,0,0,True
cf-00088,16,16,0,16,True
cf-00089,15,16,0,15,True
cf-00090,0,16,0,0,True
cf-00091,16,16,0,16,True
cf-00092,3,16,0,3,True
cf-00093,13,16,0,13,True
cf-00094,16,16,0,16,True
cf-00095,12,16,0,12,True
cf-00096,16,16,0,16,True
cf-00097,8,16,0,8,True
cf-00098,0,16,0,0,True
cf-00099,16,16,0,16,True
cf-00100,14,16,0,14,True
cf-00101,14,16,0,14,True
cf-00102,0,16,0,0,True
cf-00103,16,16,0,16,True
cf-00104,0,16,0,0,True
cf-00105,16,16,0,16,True
cf-00106,14,16,0,14,True
cf-00107,15,16,0,15,True
cf-00108,0,16,0,0,True
cf-00109,5,16,0,5,True
cf-00110,8,16,0,8,True
cf-00111,16,16,0,16,True
cf-00112,16,16,0,16,True
cf-00113,16,16,0,16,True
cf-00114,10,16,0,10,True
cf-00115,8,16,0,8,True
cf-00116,15,16,0,15,True
cf-00117,2,16,0,2,True
cf-00118,0,16,0,0,True
cf-00119,16,16,0,16,True
cf-00120,16,16,0,16,True
cf-00121,15,16,0,15,True
cf-00122,0,16,0,0,True
cf-00123,2,16,0,2,True
cf-00124,15,16,0,15,True
cf-00125,6,16,0,6,True
cf-00126,3,16,0,3,True
cf-00127,13,16,0,13,True
cf-00128,3,16,0,3,True
cf-00129,0,16,0,0,True
cf-00130,12,16,0,12,True
cf-00131,15,16,0,15,True
cf-00132,0,16,0,0,True
cf-00133,9,16,0,9,True
cf-00134,15,16,0,15,True
cf-00135,16,16,0,16,True
cf-00136,16,16,0,16,True
cf-00137,11,16,0,11,True
cf-00138,0,16,0,0,True
cf-00139,1,16,0,1,True
cf-00140,16,16,0,16,True
cf-00141,16,16,0,16,True
cf-00142,14,16,0,14,True
cf-00143,16,16,0,16,True
cf-00144,16,16,0,16,True
cf-00145,16,16,0,16,True
cf-00146,16,16,0,16,True
cf-00147,16,16,0,16,True
cf-00148,6,16,0,6,True
cf-00149,16,16,0,16,True
cf-00150,3,16,0,3,True
cf-00151,16,16,0,16,True
cf-00152,16,16,0,16,True
cf-00153,0,16,0,0,True
cf-00154,11,16,0,11,True
cf-00155,14,16,0,14,True
cf-00156,0,16,0,0,True
cf-00157,5,16,0,5,True
cf-00158,16,16,0,16,True
cf-00159,7,16,0,7,True
cf-00160,16,16,0,16,True
cf-00161,16,16,0,16,True
cf-00162,9,16,0,9,True
cf-00163,13,16,0,13,True
cf-00164,3,16,0,3,True
cf-00165,15,16,0,15,True
cf-00166,4,16,0,4,True
cf-00167,16,16,0,16,True
cf-00168,16,16,0,16,True
cf-00169,13,16,0,13,True
cf-00170,5,16,0,5,True
cf-00171,1,16,0,1,True
cf-00172,0,16,0,0,True
cf-00173,16,16,0,16,True
cf-00174,15,16,0,15,True
cf-00175,16,16,0,16,True
cf-00176,15,16,0,15,True
cf-00177,0,16,0,0,True
cf-00178,14,16,0,14,True
cf-00179,7,16,0,7,True
cf-00180,13,16,0,13,True
cf-00181,13,16,0,13,True
cf-00182,16,16,0,16,True
cf-00183,12,16,0,12,True
cf-00184,16,16,0,16,True
cf-00185,0,16,0,0,True
cf-00186,16,16,0,16,True
cf-00187,15,16,0,15,True
cf-00188,15,16,0,15,True
cf-00189,0,16,0,0,True
cf-00190,16,16,0,16,True
cf-00191,5,16,0,5,True
cf-00192,0,16,0,0,True
cf-00193,5,16,0,5,True
cf-00194,16,16,0,16,True
cf-00195,0,16,0,0,True
cf-00196,16,16,0,16,True
cf-00197,12,16,0,12,True
cf-00198,16,16,0,16,True
cf-00199,16,16,0,16,True
cf-00200,13,16,0,13,True
cf-00201,15,16,0,15,True
cf-00202,4,16,0,4,True
cf-00203,15,16,0,15,True
cf-00204,16,16,0,16,True
cf-00205,6,16,0,6,True
cf-00206,16,16,0,16,True
cf-00207,4,16,0,4,True
cf-00208,16,16,0,16,True
cf-00209,8,16,0,8,True
cf-00210,0,16,0,0,True
cf-00211,0,16,0,0,True
cf-00212,4,16,0,4,True
cf-00213,16,16,0,16,True
cf-00214,14,16,0,14,True
cf-00215,15,16,0,15,True
cf-00216,6,16,0,6,True
cf-00217,0,16,0,0,True
cf-00218,15,16,0,15,True
cf-00219,16,16,0,16,True
cf-00220,16,16,0,16,True
cf-00221,14,16,0,14,True
cf-00222,16,16,0,16,True
cf-00223,12,16,0,12,True
cf-00224,0,16,0,0,True
cf-00225,15,16,0,15,True
cf-00226,16,16,0,16,True
cf-00227,14,16,0,14,True
cf-00228,16,16,0,16,True
cf-00229,0,16,0,0,True
cf-00230,15,16,0,15,True
cf-00231,13,16,0,13,True
cf-00232,14,16,0,14,True
cf-00233,16,16,0,16,True
cf-00234,2,16,0,2,True
cf-00235,14,16,0,14,True
cf-00236,16,16,0,16,True
cf-00237,15,16,0,15,True
cf-00238,16,16,0,16,True
cf-00239,7,16,0,7,True
cf-00240,15,16,0,15,True
cf-00241,16,16,0,16,True
cf-00242,16,16,0,16,True
cf-00243,5,16,0,5,True
cf-00244,11,16,0,11,True
cf-00245,16,16,0,16,True
cf-00246,0,16,0,0,True
cf-00247,16,16,0,16,True
cf-00248,2,16,0,2,True
cf-00249,0,16,0,0,True
cf-00250,8,16,0,8,True
cf-00251,16,16,0,16,True
cf-00252,4,16,0,4,True
cf-00253,0,16,0,0,True
cf-00254,15,16,0,15,True
cf-00255,13,16,0,13,True
cf-00256,6,16,0,6,True
cf-00257,4,16,0,4,True
cf-00258,0,16,0,0,True
cf-00259,16,16,0,16,True
cf-00260,6,16,0,6,True
cf-00261,15,16,0,15,True
cf-00262,1,16,0,1,True
cf-00263,16,16,0,16,True
cf-00264,16,16,0,16,True
cf-00265,0,16,0,0,True
cf-00266,15,16,0,15,True
cf-00267,16,16,0,16,True
cf-00268,16,16,0,16,True
cf-00269,13,16,0,13,True
cf-00270,15,16,0,15,True
cf-00271,0,16,0,0,True
cf-00272,9,16,0,9,True
cf-00273,15,16,0,15,True
cf-00274,7,16,0,7,True
cf-00275,5,16,0,5,True
cf-00276,16,16,0,16,True
cf-00277,0,16,0,0,True
cf-00278,15,16,0,15,True
cf-00279,8,16,0,8,True
cf-00280,16,16,0,16,True
cf-00281,1,16,0,1,True
cf-00282,16,16,0,16,True
cf-00283,12,16,0,12,True
cf-00284,0,16,0,0,True
cf-00285,15,16,0,15,True
cf-00286,0,16,0,0,True
cf-00287,11,16,0,11,True
cf-00288,0,16,0,0,True
cf-00289,12,16,0,12,True
cf-00290,0,16,0,0,True
cf-00291,2,16,0,2,True
cf-00292,15,16,0,15,True
cf-00293,15,16,0,15,True
cf-00294,16,16,0,16,True
cf-00295,9,16,0,9,True
cf-00296,16,16,0,16,True
cf-00297,16,16,0,16,True
cf-00298,16,16,0,16,True
cf-00299,16,16,0,16,True
cf-00300,16,16,0,16,True
cf-00301,0,16,0,0,True
cf-00302,16,16,0,16,True
cf-00303,12,16,0,12,True
cf-00304,13,16,0,13,True
cf-00305,16,16,0,16,True
cf-00306,8,16,0,8,True
cf-00307,1,16,0,1,True
cf-00308,15,16,0,15,True
cf-00309,10,16,0,10,True
cf-00310,0,16,0,0,True
cf-00311,16,16,0,16,True
cf-00312,16,16,0,16,True
cf-00313,0,16,0,0,True
cf-00314,16,16,0,16,True
cf-00315,0,16,0,0,True
cf-00316,16,16,0,16,True
cf-00317,16,16,0,16,True
cf-00318,0,16,0,0,True
cf-00319,0,16,0,0,True
cf-00320,12,16,0,12,True
cf-00321,16,16,0,16,True
cf-00322,16,16,0,16,True
cf-00323,0,16,0,0,True
cf-00324,16,16,0,16,True
cf-00325,16,16,0,16,True
cf-00326,2,16,0,2,True
cf-00327,13,16,0,13,True
cf-00328,16,16,0,16,True
cf-00329,16,16,0,16,True
cf-00330,11,16,0,11,True
cf-00331,3,16,0,3,True
cf-00332,14,16,0,14,True
cf-00333,0,16,0,0,True
cf-00334,10,16,0,10,True
cf-00335,15,16,0,15,True
cf-00336,0,16,0,0,True
cf-00337,0,16,0,0,True
cf-00338,2,16,0,2,True
cf-00339,3,16,0,3,True
cf-00340,14,16,0,14,True
cf-00341,15,16,0,15,True
cf-00342,16,16,0,16,True
cf-00343,0,16,0,0,True
cf-00344,15,16,0,15,True
cf-00345,16,16,0,16,True
cf-00346,0,16,0,0,True
cf-00347,14,16,0,14,True
cf-00348,15,16,0,15,True
cf-00349,9,16,0,9,True
cf-00350,16,16,0,16,True
cf-00351,14,16,0,14,True
cf-00352,14,16,0,14,True
cf-00353,14,16,0,14,True
cf-00354,15,16,0,15,True
cf-00355,2,16,0,2,True
cf-00356,0,16,0,0,True
cf-00357,16,16,0,16,True
cf-00358,12,16,0,12,True
cf-00359,0,16,0,0,True
cf-00360,15,16,0,15,True
cf-00361,16,16,0,16,True
cf-00362,16,16,0,16,True
cf-00363,15,16,0,15,True
cf-00364,3,16,0,3,True
cf-00365,16,16,0,16,True
cf-00366,1,16,0,1,True
cf-00367,1,16,0,1,True
cf-00368,15,16,0,15,True
cf-00369,16,16,0,16,True
cf-00370,16,16,0,16,True
cf-00371,16,16,0,16,True
cf-00372,8,16,0,8,True
cf-00373,2,16,0,2,True
cf-00374,16,16,0,16,True
cf-00375,8,16,0,8,True
cf-00376,15,16,0,15,True
cf-00377,8,16,0,8,True
cf-00378,12,16,0,12,True
cf-00379,16,16,0,16,True
cf-00380,16,16,0,16,True
cf-00381,2,16,0,2,True
cf-00382,16,16,0,16,True
cf-00383,16,16,0,16,True
cf-00384,15,16,0,15,True
cf-00385,2,16,0,2,True
cf-00386,16,16,0,16,True
cf-00387,9,16,0,9,True
cf-00388,16,16,0,16,True
cf-00389,3,16,0,3,True
cf-00390,16,16,0,16,True
cf-00391,3,16,0,3,True
cf-00392,15,16,0,15,True
cf-00393,0,16,0,0,True
cf-00394,11,16,0,11,True
cf-00395,16,16,0,16,True
cf-00396,13,16,0,13,True
cf-00397,16,16,0,16,True
cf-00398,16,16,0,16,True
cf-00399,16,16,0,16,True
cf-00400,16,16,0,16,True
cf-00401,5,16,0,5,True
cf-00402,0,16,0,0,True
cf-00403,3,16,0,3,True
cf-00404,0,16,0,0,True
cf-00405,0,16,0,0,True
cf-00406,14,16,0,14,True
cf-00407,14,16,0,14,True
cf-00408,16,16,0,16,True
cf-00409,16,16,0,16,True
cf-00410,1,16,0,1,True
cf-00411,0,16,0,0,True
cf-00412,0,16,0,0,True
cf-00413,16,16,0,16,True
cf-00414,1,16,0,1,True
cf-00415,16,16,0,16,True
cf-00416,14,16,0,14,True
cf-00417,16,16,0,16,True
cf-00418,15,16,0,15,True
cf-00419,0,16,0,0,True
cf-00420,13,16,0,13,True
cf-00421,0,16,0,0,True
cf-00422,11,16,0,11,True
cf-00423,16,16,0,16,True
cf-00424,0,16,0,0,True
cf-00425,16,16,0,16,True
cf-00426,16,16,0,16,True
cf-00427,0,16,0,0,True
cf-00428,9,16,0,9,True
cf-00429,14,16,0,14,True
cf-00430,16,16,0,16,True
cf-00431,0,16,0,0,True
cf-00432,16,16,0,16,True
cf-00433,14,16,0,14,True
cf-00434,16,16,0,16,True
cf-00435,16,16,0,16,True
cf-00436,0,16,0,0,True
cf-00437,16,16,0,16,True
cf-00438,4,16,0,4,True
cf-00439,15,16,0,15,True
cf-00440,9,16,0,9,True
cf-00441,2,16,0,2,True
cf-00442,16,16,0,16,True
cf-00443,1,16,0,1,True
cf-00444,0,16,0,0,True
cf-00445,16,16,0,16,True
cf-00446,16,16,0,16,True
cf-00447,16,16,0,16,True
cf-00448,16,16,0,16,True
cf-00449,15,16,0,15,True
cf-00450,16,16,0,16,True
cf-00451,0,16,0,0,True
cf-00452,14,16,0,14,True
cf-00453,16,16,0,16,True
cf-00454,8,16,0,8,True
cf-00455,10,16,0,10,True
cf-00456,9,16,0,9,True
cf-00457,8,16,0,8,True
cf-00458,12,16,0,12,True
cf-00459,16,16,0,16,True
cf-00460,8,16,0,8,True
cf-00461,12,16,0,12,True
cf-00462,16,16,0,16,True
cf-00463,14,16,0,14,True
cf-00464,0,16,0,0,True
cf-00465,15,16,0,15,True
cf-00466,5,16,0,5,True
cf-00467,16,16,0,16,True
cf-00468,16,16,0,16,True
cf-00469,15,16,0,15,True
cf-00470,4,16,0,4,True
cf-00471,14,16,0,14,True
cf-00472,8,16,0,8,True
cf-00473,0,16,0,0,True
cf-00474,12,16,0,12,True
cf-00475,16,16,0,16,True
cf-00476,0,16,0,0,True
cf-00477,0,16,0,0,True
cf-00478,3,16,0,3,True
cf-00479,5,16,0,5,True
cf-00480,16,16,0,16,True
cf-00481,7,16,0,7,True
cf-00482,5,16,0,5,True
cf-00483,16,16,0,16,True
cf-00484,16,16,0,16,True
cf-00485,16,16,0,16,True
cf-00486,16,16,0,16,True
cf-00487,2,16,0,2,True
cf-00488,16,16,0,16,True
cf-00489,9,16,0,9,True
cf-00490,1,16,0,1,True
cf-00491,15,16,0,15,True
cf-00492,0,16,0,0,True
cf-00493,16,16,0,16,True
cf-00494,1,16,0,1,True
cf-00495,0,16,0,0,True
cf-00496,2,16,0,2,True
cf-00497,4,16,0,4,True
cf-00498,16,16,0,16,True
cf-00499,10,16,0,10,True
cf-00500,15,16,0,15,True
cf-00501,9,16,0,9,True
cf-00502,16,16,0,16,True
cf-00503,6,16,0,6,True
cf-00504,1,16,0,1,True
cf-00505,16,16,0,16,True
cf-00506,1,16,0,1,True
cf-00507,16,16,0,16,True
cf-00508,8,16,0,8,True
cf-00509,13,16,0,13,True
cf-00510,12,16,0,12,True
cf-00511,12,16,0,12,True
cf-00512,16,16,0,16,True
cf-00513,1,16,0,1,True
cf-00514,10,16,0,10,True
cf-00515,16,16,0,16,True
cf-00516,16,16,0,16,True
cf-00517,16,16,0,16,True
cf-00518,16,16,0,16,True
cf-00519,16,16,0,16,True
cf-00520,16,16,0,16,True
cf-00521,9,16,0,9,True
cf-00522,16,16,0,16,True
cf-00523,0,16,0,0,True
cf-00524,6,16,0,6,True
cf-00525,16,16,0,16,True
cf-00526,16,16,0,16,True
cf-00527,11,16,0,11,True
cf-00528,15,16,0,15,True
cf-00529,16,16,0,16,True
cf-00530,15,16,0,15,True
cf-00531,6,16,0,6,True
cf-00532,0,16,0,0,True
cf-00533,9,16,0,9,True
cf-00534,16,16,0,16,True
cf-00535,3,16,0,3,True
cf-00536,16,16,0,16,True
cf-00537,1,16,0,1,True
cf-00538,16,16,0,16,True
cf-00539,0,16,0,0,True
cf-00540,6,16,0,6,True
cf-00541,0,16,0,0,True
cf-00542,12,16,0,12,True
cf-00543,0,16,0,0,True
cf-00544,16,16,0,16,True
cf-00545,1,16,0,1,True
cf-00546,14,16,0,14,True
cf-00547,0,16,0,0,True
cf-00548,1,16,0,1,True
cf-00549,14,16,0,14,True
cf-00550,16,16,0,16,True
cf-00551,0,16,0,0,True
cf-00552,16,16,0,16,True
cf-00553,13,16,0,13,True
cf-00554,3,16,0,3,True
cf-00555,16,16,0,16,True
cf-00556,15,16,0,15,True
cf-00557,16,16,0,16,True
cf-00558,15,16,0,15,True
cf-00559,16,16,0,16,True
cf-00560,7,16,0,7,True
cf-00561,16,16,0,16,True
cf-00562,14,16,0,14,True
cf-00563,16,16,0,16,True
cf-00564,1,16,0,1,True
cf-00565,12,16,0,12,True
cf-00566,0,16,0,0,True
cf-00567,0,16,0,0,True
cf-00568,5,16,0,5,True
cf-00569,12,16,0,12,True
cf-00570,16,16,0,16,True
cf-00571,11,16,0,11,True
cf-00572,5,16,0,5,True
cf-00573,15,16,0,15,True
cf-00574,16,16,0,16,True
cf-00575,16,16,0,16,True
cf-00576,12,16,0,12,True
cf-00577,15,16,0,15,True
cf-00578,16,16,0,16,True
cf-00579,16,16,0,16,True
cf-00580,16,16,0,16,True
cf-00581,1,16,0,1,True
cf-00582,15,16,0,15,True
cf-00583,0,16,0,0,True
cf-00584,11,16,0,11,True
cf-00585,9,16,0,9,True
cf-00586,16,16,0,16,True
cf-00587,16,16,0,16,True
cf-00588,16,16,0,16,True
cf-00589,14,16,0,14,True
cf-00590,16,16,0,16,True
cf-00591,16,16,0,16,True
cf-00592,13,16,0,13,True
cf-00593,16,16,0,16,True
cf-00594,15,16,0,15,True
cf-00595,0,16,0,0,True
cf-00596,14,16,0,14,True
cf-00597,0,16,0,0,True
cf-00598,15,16,0,15,True
cf-00599,0,16,0,0,True
cf-00600,7,16,0,7,True
cf-00601,14,16,0,14,True
cf-00602,10,16,0,10,True
cf-00603,10,16,0,10,True
cf-00604,12,16,0,12,True
cf-00605,16,16,0,16,True
cf-00606,16,16,0,16,True
cf-00607,0,16,0,0,True
cf-00608,15,16,0,15,True
cf-00609,2,16,0,2,True
cf-00610,14,16,0,14,True
cf-00611,0,16,0,0,True
cf-00612,16,16,0,16,True
cf-00613,16,16,0,16,True
cf-00614,15,16,0,15,True
cf-00615,16,16,0,16,True
cf-00616,16,16,0,16,True
cf-00617,16,16,0,16,True
cf-00618,0,16,0,0,True
cf-00619,7,16,0,7,True
cf-00620,16,16,0,16,True
cf-00621,15,16,0,15,True
cf-00622,12,16,0,12,True
cf-00623,5,16,0,5,True
cf-00624,16,16,0,16,True
cf-00625,0,16,0,0,True
cf-00626,16,16,0,16,True
cf-00627,15,16,0,15,True
cf-00628,16,16,0,16,True
cf-00629,16,16,0,16,True
cf-00630,15,16,0,15,True
cf-00631,0,16,0,0,True
cf-00632,16,16,0,16,True
cf-00633,1,16,0,1,True
cf-00634,16,16,0,16,True
cf-00635,15,16,0,15,True
cf-00636,0,16,0,0,True
cf-00637,15,16,0,15,True
cf-00638,9,16,0,9,True
cf-00639,16,16,0,16,True
cf-00640,0,16,0,0,True
cf-00641,14,16,0,14,True
cf-00642,13,16,0,13,True
cf-00643,16,16,0,16,True
cf-00644,9,16,0,9,True
cf-00645,15,16,0,15,True
cf-00646,16,16,0,16,True
cf-00647,16,16,0,16,True
cf-00648,16,16,0,16,True
cf-00649,3,16,0,3,True
cf-00650,4,16,0,4,True
cf-00651,4,16,0,4,True
cf-00652,13,16,0,13,True
cf-00653,15,16,0,15,True
cf-00654,0,16,0,0,True
cf-00655,12,16,0,12,True
cf-00656,16,16,0,16,True
cf-00657,16,16,0,16,True
cf-00658,8,16,0,8,True
cf-00659,16,16,0,16,True
cf-00660,15,16,0,15,True
cf-00661,16,16,0,16,True
cf-00662,16,16,0,16,True
cf-00663,9,16,0,9,True
cf-00664,16,16,0,16,True
cf-00665,1,16,0,1,True
cf-00666,15,16,0,15,True
cf-00667,8,16,0,8,True
cf-00668,2,16,0,2,True
cf-00669,16,16,0,16,True
cf-00670,13,16,0,13,True
cf-00671,15,16,0,15,True
cf-00672,13,16,0,13,True
cf-00673,16,16,0,16,True
cf-00674,9,16,0,9,True
cf-00675,13,16,0,13,True
cf-00676,16,16,0,16,True
cf-00677,15,16,0,15,True
cf-00678,16,16,0,16,True
cf-00679,15,16,0,15,True
cf-00680,3,16,0,3,True
cf-00681,8,16,0,8,True
cf-00682,14,16,0,14,True
cf-00683,16,16,0,16,True
cf-00684,13,16,0,13,True
cf-00685,7,16,0,7,True
cf-00686,4,16,0,4,True
cf-00687,16,16,0,16,True
cf-00688,8,16,0,8,True
cf-00689,16,16,0,16,True
cf-00690,9,16,0,9,True
cf-00691,0,16,0,0,True
cf-00692,13,16,0,13,True
cf-00693,16,16,0,16,True
cf-00694,16,16,0,16,True
cf-00695,1,16,0,1,True
cf-00696,3,16,0,3,True
cf-00697,0,16,0,0,True
cf-00698,16,16,0,16,True
cf-00699,15,16,0,15,True
cf-00700,16,16,0,16,True
cf-00701,10,16,0,10,True
cf-00702,16,16,0,16,True
cf-00703,14,16,0,14,True
cf-00704,13,16,0,13,True
cf-00705,0,16,0,0,True
cf-00706,11,16,0,11,True
cf-00707,16,16,0,16,True
cf-00708,16,16,0,16,True
cf-00709,15,16,0,15,True
cf-00710,7,16,0,7,True
cf-00711,16,16,0,16,True
cf-00712,16,16,0,16,True
cf-00713,0,16,0,0,True
cf-00714,13,16,0,13,True
cf-00715,16,16,0,16,True
cf-00716,15,16,0,15,True
cf-00717,16,16,0,16,True
cf-00718,1,16,0,1,True
cf-00719,12,16,0,12,True
cf-00720,16,16,0,16,True
cf-00721,15,16,0,15,True
cf-00722,0,16,0,0,True
cf-00723,16,16,0,16,True
cf-00724,0,16,0,0,True
cf-00725,2,16,0,2,True
cf-00726,14,16,0,14,True
cf-00727,15,16,0,15,True
cf-00728,16,16,0,16,True
cf-00729,16,16,0,16,True
cf-00730,16,16,0,16,True
cf-00731,16,16,0,16,True
cf-00732,2,16,0,2,True
cf-00733,0,16,0,0,True
cf-00734,11,16,0,11,True
cf-00735,16,16,0,16,True
cf-00736,2,16,0,2,True
cf-00737,16,16,0,16,True
cf-00738,0,16,0,0,True
cf-00739,0,16,0,0,True
cf-00740,16,16,0,16,True
cf-00741,0,16,0,0,True
cf-00742,14,16,0,14,True
cf-00743,14,16,0,14,True
cf-00744,14,16,0,14,True
cf-00745,8,16,0,8,True
cf-00746,13,16,0,13,True
cf-00747,0,16,0,0,True
cf-00748,11,16,0,11,True
cf-00749,16,16,0,16,True
cf-00750,15,16,0,15,True
cf-00751,0,16,0,0,True
cf-00752,10,16,0,10,True
cf-00753,9,16,0,9,True
cf-00754,16,16,0,16,True
cf-00755,13,16,0,13,True
cf-00756,0,16,0,0,True
cf-00757,9,16,0,9,True
cf-00758,6,16,0,6,True
cf-00759,0,16,0,0,True
cf-00760,1,16,0,1,True
cf-00761,8,16,0,8,True
cf-00762,16,16,0,16,True
cf-00763,10,16,0,10,True
cf-00764,0,16,0,0,True
cf-00765,14,16,0,14,True
cf-00766,16,16,0,16,True
cf-00767,4,16,0,4,True
cf-00768,16,16,0,16,True
cf-00769,13,16,0,13,True
cf-00770,0,16,0,0,True
cf-00771,12,16,0,12,True
cf-00772,12,16,0,12,True
cf-00773,0,16,0,0,True
cf-00774,16,16,0,16,True
cf-00775,16,16,0,16,True
cf-00776,16,16,0,16,True
cf-00777,16,16,0,16,True
cf-00778,16,16,0,16,True
cf-00779,6,16,0,6,True
cf-00780,4,16,0,4,True
cf-00781,15,16,0,15,True
cf-00782,0,16,0,0,True
cf-00783,16,16,0,16,True
cf-00784,3,16,0,3,True
cf-00785,14,16,0,14,True
cf-00786,0,16,0,0,True
cf-00787,13,16,0,13,True
cf-00788,4,16,0,4,True
cf-00789,16,16,0,16,True
cf-00790,16,16,0,16,True
cf-00791,16,16,0,16,True
cf-00792,10,16,0,10,True
cf-00793,15,16,0,15,True
cf-00794,15,16,0,15,True
cf-00795,16,16,0,16,True
cf-00796,16,16,0,16,True
cf-00797,16,16,0,16,True
cf-00798,3,16,0,3,True
cf-00799,12,16,0,12,True
cf-00800,16,16,0,16,True
cf-00801,14,16,0,14,True
cf-00802,16,16,0,16,True
cf-00803,9,16,0,9,True
cf-00804,12,16,0,12,True
cf-00805,16,16,0,16,True
cf-00806,12,16,0,12,True
cf-00807,11,16,0,11,True
cf-00808,12,16,0,12,True
cf-00809,5,16,0,5,True
cf-00810,5,16,0,5,True
cf-00811,14,16,0,14,True
cf-00812,12,16,0,12,True
cf-00813,8,16,0,8,True
cf-00814,10,16,0,10,True
cf-00815,16,16,0,16,True
cf-00816,10,16,0,10,True
cf-00817,15,16,0,15,True
cf-00818,16,16,0,16,True
cf-00819,0,16,0,0,True
cf-00820,15,16,0,15,True
cf-00821,16,16,0,16,True
cf-00822,16,16,0,16,True
cf-00823,16,16,0,16,True
cf-00824,9,16,0,9,True
cf-00825,5,16,0,5,True
cf-00826,0,16,0,0,True
cf-00827,15,16,0,15,True
cf-00828,16,16,0,16,True
cf-00829,4,16,0,4,True
cf-00830,16,16,0,16,True
cf-00831,0,16,0,0,True
cf-00832,3,16,0,3,True
cf-00833,15,16,0,15,True
cf-00834,0,16,0,0,True
cf-00835,0,16,0,0,True
cf-00836,16,16,0,16,True
cf-00837,16,16,0,16,True
cf-00838,11,16,0,11,True
cf-00839,11,16,0,11,True
cf-00840,16,16,0,16,True
cf-00841,16,16,0,16,True
cf-00842,0,16,0,0,True
cf-00843,11,16,0,11,True
cf-00844,0,16,0,0,True
cf-00845,9,16,0,9,True
cf-00846,0,16,0,0,True
cf-00847,7,16,0,7,True
cf-00848,15,16,0,15,True
cf-00849,15,16,0,15,True
cf-00850,0,16,0,0,True
cf-00851,13,16,0,13,True
cf-00852,16,16,0,16,True
cf-00853,9,16,0,9,True
cf-00854,16,16,0,16,True
cf-00855,15,16,0,15,True
cf-00856,16,16,0,16,True
cf-00857,15,16,0,15,True
cf-00858,16,16,0,16,True
cf-00859,0,16,0,0,True
cf-00860,16,16,0,16,True
cf-00861,0,16,0,0,True
cf-00862,15,16,0,15,True
cf-00863,14,16,0,14,True
cf-00864,16,16,0,16,True
cf-00865,10,16,0,10,True
cf-00866,9,16,0,9,True
cf-00867,9,16,0,9,True
cf-00868,16,16,0,16,True
cf-00869,6,16,0,6,True
cf-00870,14,16,0,14,True
cf-00871,13,16,0,13,True
cf-00872,16,16,0,16,True
cf-00873,15,16,0,15,True
cf-00874,12,16,0,12,True
cf-00875,6,16,0,6,True
cf-00876,16,16,0,16,True
cf-00877,4,16,0,4,True
cf-00878,13,16,0,13,True
cf-00879,16,16,0,16,True
cf-00880,0,16,0,0,True
cf-00881,11,16,0,11,True
cf-00882,16,16,0,16,True
cf-00883,12,16,0,12,True
cf-00884,0,16,0,0,True
cf-00885,0,16,0,0,True
cf-00886,12,16,0,12,True
cf-00887,16,16,0,16,True
cf-00888,14,16,0,14,True
cf-00889,5,16,0,5,True
cf-00890,0,16,0,0,True
cf-00891,0,16,0,0,True
cf-00892,16,16,0,16,True
cf-00893,1,16,0,1,True
cf-00894,16,16,0,16,True
cf-00895,15,16,0,15,True
cf-00896,16,16,0,16,True
cf-00897,16,16,0,16,True
cf-00898,0,16,0,0,True
cf-00899,4,16,0,4,True
cf-00900,0,16,0,0,True
cf-00901,14,16,0,14,True
cf-00902,9,16,0,9,True
cf-00903,7,16,0,7,True
cf-00904,0,16,0,0,True
cf-00905,13,16,0,13,True
cf-00906,10,16,0,10,True
cf-00907,16,16,0,16,True
cf-00908,15,16,0,15,True
cf-00909,16,16,0,16,True
cf-00910,14,16,0,14,True
cf-00911,16,16,0,16,True
cf-00912,15,16,0,15,True
cf-00913,15,16,0,15,True
cf-00914,0,16,0,0,True
cf-00915,16,16,0,16,True
cf-00916,0,16,0,0,True
cf-00917,14,16,0,14,True
cf-00918,16,16,0,16,True
cf-00919,0,16,0,0,True
cf-00920,16,16,0,16,True
cf-00921,15,16,0,15,True
cf-00922,5,16,0,5,True
cf-00923,0,16,0,0,True
cf-00924,3,16,0,3,True
cf-00925,16,16,0,16,True
cf-00926,16,16,0,16,True
cf-00927,4,16,0,4,True
cf-00928,14,16,0,14,True
cf-00929,16,16,0,16,True
cf-00930,4,16,0,4,True
cf-00931,15,16,0,15,True
cf-00932,14,16,0,14,True
cf-00933,0,16,0,0,True
cf-00934,12,16,0,12,True
cf-00935,14,16,0,14,True
cf-00936,0,16,0,0,True
cf-00937,15,16,0,15,True
cf-00938,1,16,0,1,True
cf-00939,3,16,0,3,True
cf-00940,8,16,0,8,True
cf-00941,0,16,0,0,True
cf-00942,15,16,0,15,True
cf-00943,7,16,0,7,True
cf-00944,6,16,0,6,True
cf-00945,16,16,0,16,True
cf-00946,5,16,0,5,True
cf-00947,0,16,0,0,True
cf-00948,16,16,0,16,True
cf-00949,14,16,0,14,True
cf-00950,15,16,0,15,True
cf-00951,3,16,0,3,True
cf-00952,0,16,0,0,True
cf-00953,6,16,0,6,True
cf-00954,1,16,0,1,True
cf-00955,16,16,0,16,True
cf-00956,0,16,0,0,True
cf-00957,14,16,0,14,True
cf-00958,0,16,0,0,True
cf-00959,16,16,0,16,True
cf-00960,16,16,0,16,True
cf-00961,15,16,0,15,True
cf-00962,5,16,0,5,True
cf-00963,16,16,0,16,True
cf-00964,14,16,0,14,True
cf-00965,16,16,0,16,True
cf-00966,16,16,0,16,True
cf-00967,16,16,0,16,True
cf-00968,0,16,0,0,True
cf-00969,9,16,0,9,True
cf-00970,15,16,0,15,True
cf-00971,16,16,0,16,True
cf-00972,16,16,0,16,True
cf-00973,16,16,0,16,True
cf-00974,2,16,0,2,True
cf-00975,13,16,0,13,True
cf-00976,16,16,0,16,True
cf-00977,16,16,0,16,True
cf-00978,2,16,0,2,True
cf-00979,16,16,0,16,True
cf-00980,0,16,0,0,True
cf-00981,16,16,0,16,True
cf-00982,3,16,0,3,True
cf-00983,16,16,0,16,True
cf-00984,0,16,0,0,True
cf-00985,0,16,0,0,True
cf-00986,6,16,0,6,True
cf-00987,16,16,0,16,True
cf-00988,13,16,0,13,True
cf-00989,0,16,0,0,True
cf-00990,1,16,0,1,True
cf-00991,12,16,0,12,True
cf-00992,16,16,0,16,True
cf-00993,11,16,0,11,True
cf-00994,15,16,0,15,True
cf-00995,16,16,0,16,True
cf-00996,16,16,0,16,True
cf-00997,11,16,0,11,True
cf-00998,14,16,0,14,True
cf-00999,14,16,0,14,True
cf-01000,10,16,0,10,True
cf-01001,13,16,0,13,True
cf-01002,16,16,0,16,True
cf-01003,16,16,0,16,True
cf-01004,14,16,0,14,True
cf-01005,15,16,0,15,True
cf-01006,16,16,0,16,True
cf-01007,16,16,0,16,True
cf-01008,15,16,0,15,True
cf-01009,13,16,0,13,True
cf-01010,0,16,0,0,True
cf-01011,16,16,0,16,True
cf-01012,14,16,0,14,True
cf-01013,10,16,0,10,True
cf-01014,13,16,0,13,True
cf-01015,5,16,0,5,True
cf-01016,15,16,0,15,True
cf-01017,5,16,0,5,True
cf-01018,13,16,0,13,True
cf-01019,16,16,0,16,True
cf-01020,16,16,0,16,True
cf-01021,10,16,0,10,True
cf-01022,10,16,0,10,True
cf-01023,16,16,0,16,True
cf-01024,16,16,0,16,True
cf-01025,0,16,0,0,True
cf-01026,0,16,0,0,True
cf-01027,11,16,0,11,True
cf-01028,14,16,0,14,True
cf-01029,0,16,0,0,True
cf-01030,8,16,0,8,True
cf-01031,15,16,0,15,True
cf-01032,5,16,0,5,True
cf-01033,6,16,0,6,True
cf-01034,0,16,0,0,True
cf-01035,8,16,0,8,True
cf-01036,11,16,0,11,True
cf-01037,16,16,0,16,True
cf-01038,15,16,0,15,True
cf-01039,8,16,0,8,True
cf-01040,13,16,0,13,True
cf-01041,9,16,0,9,True
cf-01042,16,16,0,16,True
cf-01043,16,16,0,16,True
cf-01044,15,16,0,15,True
cf-01045,16,16,0,16,True
cf-01046,16,16,0,16,True
cf-01047,14,16,0,14,True
cf-01048,2,16,0,2,True
cf-01049,10,16,0,10,True
cf-01050,16,16,0,16,True
cf-01051,16,16,0,16,True
cf-01052,2,16,0,2,True
cf-01053,16,16,0,16,True
cf-01054,16,16,0,16,True
cf-01055,5,16,0,5,True
cf-01056,16,16,0,16,True
cf-01057,15,16,0,15,True
cf-01058,16,16,0,16,True
cf-01059,15,16,0,15,True
cf-01060,16,16,0,16,True
cf-01061,0,16,0,0,True
cf-01062,16,16,0,16,True
cf-01063,16,16,0,16,True
cf-01064,0,16,0,0,True
cf-01065,15,16,0,15,True
cf-01066,0,16,0,0,True
cf-01067,16,16,0,16,True
cf-01068,16,16,0,16,True
cf-01069,5,16,0,5,True
cf-01070,3,16,0,3,True
cf-01071,15,16,0,15,True
cf-01072,16,16,0,16,True
cf-01073,14,16,0,14,True
cf-01074,9,16,0,9,True
cf-01075,12,16,0,12,True
cf-01076,16,16,0,16,True
cf-01077,9,16,0,9,True
cf-01078,15,16,0,15,True
cf-01079,15,16,0,15,True
cf-01080,16,16,0,16,True
cf-01081,16,16,0,16,True
cf-01082,0,16,0,0,True
cf-01083,16,16,0,16,True
cf-01084,7,16,0,7,True
cf-01085,14,16,0,14,True
cf-01086,16,16,0,16,True
cf-01087,16,16,0,16,True
cf-01088,15,16,0,15,True
cf-01089,11,16,0,11,True
cf-01090,12,16,0,12,True
cf-01091,4,16,0,4,True
cf-01092,15,16,0,15,True
cf-01093,0,16,0,0,True
cf-01094,11,16,0,11,True
cf-01095,16,16,0,16,True
cf-01096,16,16,0,16,True
cf-01097,16,16,0,16,True
cf-01098,12,16,0,12,True
cf-01099,14,16,0,14,True
cf-01100,16,16,0,16,True
cf-01101,0,16,0,0,True
cf-01102,0,16,0,0,True
cf-01103,16,16,0,16,True
cf-01104,15,16,0,15,True
cf-01105,16,16,0,16,True
cf-01106,0,16,0,0,True
cf-01107,16,16,0,16,True
cf-01108,6,16,0,6,True
cf-01109,9,16,0,9,True
cf-01110,16,16,0,16,True
cf-01111,16,16,0,16,True
cf-01112,0,16,0,0,True
cf-01113,16,16,0,16,True
cf-01114,16,16,0,16,True
cf-01115,12,16,0,12,True
cf-01116,15,16,0,15,True
cf-01117,16,16,0,16,True
cf-01118,2,16,0,2,True
cf-01119,16,16,0,16,True
cf-01120,16,16,0,16,True
cf-01121,16,16,0,16,True
cf-01122,9,16,0,9,True
cf-01123,16,16,0,16,True
cf-01124,15,16,0,15,True
cf-01125,0,16,0,0,True
cf-01126,16,16,0,16,True
cf-01127,0,16,0,0,True
cf-01128,9,16,0,9,True
cf-01129,9,16,0,9,True
cf-01130,0,16,0,0,True
cf-01131,15,16,0,15,True
cf-01132,3,16,0,3,True
cf-01133,16,16,0,16,True
cf-01134,0,16,0,0,True
cf-01135,16,16,0,16,True
cf-01136,6,16,0,6,True
cf-01137,8,16,0,8,True
cf-01138,9,16,0,9,True
cf-01139,3,16,0,3,True
cf-01140,7,16,0,7,True
cf-01141,6,16,0,6,True
cf-01142,7,16,0,7,True
cf-01143,16,16,0,16,True
cf-01144,16,16,0,16,True
cf-01145,2,16,0,2,True
cf-01146,16,16,0,16,True
cf-01147,16,16,0,16,True
cf-01148,16,16,0,16,True
cf-01149,15,16,0,15,True
cf-01150,1,16,0,1,True
cf-01151,14,16,0,14,True
cf-01152,16,16,0,16,True
cf-01153,13,16,0,13,True
cf-01154,1,16,0,1,True
cf-01155,16,16,0,16,True
cf-01156,16,16,0,16,True
cf-01157,16,16,0,16,True
cf-01158,15,16,0,15,True
cf-01159,16,16,0,16,True
cf-01160,6,16,0,6,True
cf-01161,15,16,0,15,True
cf-01162,7,16,0,7,True
cf-01163,16,16,0,16,True
cf-01164,8,16,0,8,True
cf-01165,4,16,0,4,True
cf-01166,0,16,0,0,True
cf-01167,6,16,0,6,True
cf-01168,0,16,0,0,True
cf-01169,16,16,0,16,True
cf-01170,15,16,0,15,True
cf-01171,0,16,0,0,True
cf-01172,16,16,0,16,True
cf-01173,2,16,0,2,True
cf-01174,14,16,0,14,True
cf-01175,13,16,0,13,True
cf-01176,16,16,0,16,True
cf-01177,16,16,0,16,True
cf-01178,8,16,0,8,True
cf-01179,15,16,0,15,True
cf-01180,10,16,0,10,True
cf-01181,5,16,0,5,True
cf-01182,0,16,0,0,True
cf-01183,15,16,0,15,True
cf-01184,8,16,0,8,True
cf-01185,16,16,0,16,True
cf-01186,2,16,0,2,True
cf-01187,5,16,0,5,True
cf-01188,16,16,0,16,True
cf-01189,14,16,0,14,True
cf-01190,16,16,0,16,True
cf-01191,15,16,0,15,True
cf-01192,10,16,0,10,True
cf-01193,0,16,0,0,True
cf-01194,16,16,0,16,True
cf-01195,12,16,0,12,True
cf-01196,0,16,0,0,True
cf-01197,4,16,0,4,True
cf-01198,2,16,0,2,True
cf-01199,14,16,0,14,True
cf-01200,0,16,0,0,True
cf-01201,0,16,0,0,True
cf-01202,16,16,0,16,True
cf-01203,6,16,0,6,True
cf-01204,9,16,0,9,True
cf-01205,8,16,0,8,True
cf-01206,16,16,0,16,True
cf-01207,12,16,0,12,True
cf-01208,11,16,0,11,True
cf-01209,0,16,0,0,True
cf-01210,16,16,0,16,True
cf-01211,12,16,0,12,True
cf-01212,16,16,0,16,True
cf-01213,8,16,0,8,True
cf-01214,0,16,0,0,True
cf-01215,16,16,0,16,True
cf-01216,16,16,0,16,True
cf-01217,14,16,0,14,True
cf-01218,3,16,0,3,True
cf-01219,16,16,0,16,True
cf-01220,15,16,0,15,True
cf-01221,16,16,0,16,True
cf-01222,0,16,0,0,True
cf-01223,0,16,0,0,True
cf-01224,11,16,0,11,True
cf-01225,16,16,0,16,True
cf-01226,10,16,0,10,True
cf-01227,1,16,0,1,True
cf-01228,0,16,0,0,True
cf-01229,14,16,0,14,True
cf-01230,0,16,0,0,True
cf-01231,8,16,0,8,True
cf-01232,15,16,0,15,True
cf-01233,13,16,0,13,True
cf-01234,15,16,0,15,True
cf-01235,0,16,0,0,True
cf-01236,16,16,0,16,True
cf-01237,0,16,0,0,True
cf-01238,2,16,0,2,True
cf-01239,0,16,0,0,True
cf-01240,12,16,0,12,True
cf-01241,16,16,0,16,True
cf-01242,16,16,0,16,True
cf-01243,2,16,0,2,True
cf-01244,1,16,0,1,True
cf-01245,14,16,0,14,True
cf-01246,16,16,0,16,True
cf-01247,9,16,0,9,True
cf-01248,14,16,0,14,True
cf-01249,9,16,0,9,True
cf-01250,16,16,0,16,True
cf-01251,7,16,0,7,True
cf-01252,16,16,0,16,True
cf-01253,9,16,0,9,True
cf-01254,12,16,0,12,True
cf-01255,11,16,0,11,True
cf-01256,15,16,0,15,True
cf-01257,6,16,0,6,True
cf-01258,16,16,0,16,True
cf-01259,10,16,0,10,True
cf-01260,0,16,0,0,True
cf-01261,16,16,0,16,True
cf-01262,15,16,0,15,True
cf-01263,10,16,0,10,True
cf-01264,16,16,0,16,True
cf-01265,12,16,0,12,True
cf-01266,9,16,0,9,True
cf-01267,0,16,0,0,True
cf-01268,16,16,0,16,True
cf-01269,9,16,0,9,True
cf-01270,12,16,0,12,True
cf-01271,0,16,0,0,True
cf-01272,16,16,0,16,True
cf-01273,9,16,0,9,True
cf-01274,15,16,0,15,True
cf-01275,15,16,0,15,True
cf-01276,3,16,0,3,True
cf-01277,9,16,0,9,True
cf-01278,2,16,0,2,True
cf-01279,2,16,0,2,True
cf-01280,11,16,0,11,True
cf-01281,6,16,0,6,True
cf-01282,16,16,0,16,True
cf-01283,14,16,0,14,True
cf-01284,16,16,0,16,True
cf-01285,6,16,0,6,True
cf-01286,9,16,0,9,True
cf-01287,3,16,0,3,True
cf-01288,10,16,0,10,True
cf-01289,10,16,0,10,True
cf-01290,1,16,0,1,True
cf-01291,16,16,0,16,True
cf-01292,0,16,0,0,True
cf-01293,13,16,0,13,True
cf-01294,11,16,0,11,True
cf-01295,16,16,0,16,True
cf-01296,13,16,0,13,True
cf-01297,16,16,0,16,True
cf-01298,16,16,0,16,True
cf-01299,15,16,0,15,True
cf-01300,5,16,0,5,True
cf-01301,2,16,0,2,True
cf-01302,0,16,0,0,True
cf-01303,16,16,0,16,True
cf-01304,0,16,0,0,True
cf-01305,16,16,0,16,True
cf-01306,10,16,0,10,True
cf-01307,16,16,0,16,True
cf-01308,16,16,0,16,True
cf-01309,15,16,0,15,True
cf-01310,16,16,0,16,True
cf-01311,0,16,0,0,True
cf-01312,16,16,0,16,True
cf-01313,4,16,0,4,True
cf-01314,2,16,0,2,True
cf-01315,16,16,0,16,True
cf-01316,16,16,0,16,True
cf-01317,8,16,0,8,True
cf-01318,12,16,0,12,True
cf-01319,2,16,0,2,True
cf-01320,0,16,0,0,True
cf-01321,16,16,0,16,True
cf-01322,10,16,0,10,True
cf-01323,16,16,0,16,True
cf-01324,1,16,0,1,True
cf-01325,16,16,0,16,True
cf-01326,16,16,0,16,True
cf-01327,8,16,0,8,True
cf-01328,1,16,0,1,True
cf-01329,2,16,0,2,True
cf-01330,7,16,0,7,True
cf-01331,15,16,0,15,True
cf-01332,8,16,0,8,True
cf-01333,0,16,0,0,True
cf-01334,16,16,0,16,True
cf-01335,16,16,0,16,True
cf-01336,16,16,0,16,True
cf-01337,16,16,0,16,True
cf-01338,16,16,0,16,True
cf-01339,0,16,0,0,True
cf-01340,16,16,0,16,True
cf-01341,10,16,0,10,True
cf-01342,1,16,0,1,True
cf-01343,16,16,0,16,True
cf-01344,0,16,0,0,True
cf-01345,12,16,0,12,True
cf-01346,2,16,0,2,True
cf-01347,8,16,0,8,True
cf-01348,16,16,0,16,True
cf-01349,5,16,0,5,True
cf-01350,16,16,0,16,True
cf-01351,4,16,0,4,True
cf-01352,6,16,0,6,True
cf-01353,14,16,0,14,True
cf-01354,16,16,0,16,True
cf-01355,0,16,0,0,True
cf-01356,16,16,0,16,True
cf-01357,16,16,0,16,True
cf-01358,8,16,0,8,True
cf-01359,15,16,0,15,True
cf-01360,1,16,0,1,True
cf-01361,2,16,0,2,True
cf-01362,16,16,0,16,True
cf-01363,12,16,0,12,True
cf-01364,16,16,0,16,True
cf-01365,14,16,0,14,True
cf-01366,0,16,0,0,True
cf-01367,16,16,0,16,True
cf-01368,0,16,0,0,True
cf-01369,16,16,0,16,True
cf-01370,15,16,0,15,True
cf-01371,16,16,0,16,True
cf-01372,5,16,0,5,True
cf-01373,0,16,0,0,True
cf-01374,15,16,0,15,True
cf-01375,16,16,0,16,True
cf-01376,0,16,0,0,True
cf-01377,3,16,0,3,True
cf-01378,15,16,0,15,True
cf-01379,14,16,0,14,True
cf-01380,0,16,0,0,True
cf-01381,16,16,0,16,True
cf-01382,13,16,0,13,True
cf-01383,16,16,0,16,True
cf-01384,2,16,0,2,True
cf-01385,16,16,0,16,True
cf-01386,16,16,0,16,True
cf-01387,15,16,0,15,True
cf-01388,16,16,0,16,True
cf-01389,0,16,0,0,True
cf-01390,16,16,0,16,True
cf-01391,16,16,0,16,True
cf-01392,0,16,0,0,True
cf-01393,15,16,0,15,True
cf-01394,7,16,0,7,True
cf-01395,16,16,0,16,True
cf-01396,6,16,0,6,True
cf-01397,0,16,0,0,True
cf-01398,15,16,0,15,True
cf-01399,10,16,0,10,True
cf-01400,16,16,0,16,True
cf-01401,16,16,0,16,True
cf-01402,3,16,0,3,True
cf-01403,3,16,0,3,True
cf-01404,16,16,0,16,True
cf-01405,6,16,0,6,True
cf-01406,0,16,0,0,True
cf-01407,1,16,0,1,True
cf-01408,10,16,0,10,True
cf-01409,16,16,0,16,True
cf-01410,16,16,0,16,True
cf-01411,3,16,0,3,True
cf-01412,4,16,0,4,True
cf-01413,12,16,0,12,True
cf-01414,5,16,0,5,True
cf-01415,0,16,0,0,True
cf-01416,1,16,0,1,True
cf-01417,16,16,0,16,True
cf-01418,16,16,0,16,True
cf-01419,2,16,0,2,True
cf-01420,14,16,0,14,True
cf-01421,16,16,0,16,True
cf-01422,15,16,0,15,True
cf-01423,15,16,0,15,True
cf-01424,0,16,0,0,True
cf-01425,13,16,0,13,True
cf-01426,16,16,0,16,True
cf-01427,0,16,0,0,True
cf-01428,0,16,0,0,True
cf-01429,10,16,0,10,True
cf-01430,0,16,0,0,True
cf-01431,5,16,0,5,True
cf-01432,0,16,0,0,True
cf-01433,3,16,0,3,True
cf-01434,10,16,0,10,True
cf-01435,13,16,0,13,True
cf-01436,5,16,0,5,True
cf-01437,16,16,0,16,True
cf-01438,16,16,0,16,True
cf-01439,15,16,0,15,True
cf-01440,4,16,0,4,True
cf-01441,12,16,0,12,True
cf-01442,16,16,0,16,True
cf-01443,15,16,0,15,True
cf-01444,16,16,0,16,True
cf-01445,0,16,0,0,True
cf-01446,4,16,0,4,True
cf-01447,12,16,0,12,True
cf-01448,16,16,0,16,True
cf-01449,16,16,0,16,True
cf-01450,0,16,0,0,True
cf-01451,1,16,0,1,True
cf-01452,3,16,0,3,True
cf-01453,16,16,0,16,True
cf-01454,0,16,0,0,True
cf-01455,12,16,0,12,True
cf-01456,15,16,0,15,True
cf-01457,16,16,0,16,True
cf-01458,16,16,0,16,True
cf-01459,1,16,0,1,True
cf-01460,16,16,0,16,True
cf-01461,16,16,0,16,True
cf-01462,16,16,0,16,True
cf-01463,1,16,0,1,True
cf-01464,16,16,0,16,True
cf-01465,0,16,0,0,True
cf-01466,0,16,0,0,True
cf-01467,0,16,0,0,True
cf-01468,16,16,0,16,True
cf-01469,0,16,0,0,True
cf-01470,6,16,0,6,True
cf-01471,16,16,0,16,True
cf-01472,14,16,0,14,True
cf-01473,13,16,0,13,True
cf-01474,15,16,0,15,True
cf-01475,0,16,0,0,True
cf-01476,6,16,0,6,True
cf-01477,12,16,0,12,True
cf-01478,16,16,0,16,True
cf-01479,10,16,0,10,True
cf-01480,16,16,0,16,True
cf-01481,10,16,0,10,True
cf-01482,0,16,0,0,True
cf-01483,0,16,0,0,True
cf-01484,16,16,0,16,True
cf-01485,16,16,0,16,True
cf-01486,9,16,0,9,True
cf-01487,11,16,0,11,True
cf-01488,14,16,0,14,True
cf-01489,8,16,0,8,True
cf-01490,10,16,0,10,True
cf-01491,16,16,0,16,True
cf-01492,4,16,0,4,True
cf-01493,14,16,0,14,True
cf-01494,11,16,0,11,True
cf-01495,16,16,0,16,True
cf-01496,16,16,0,16,True
cf-01497,16,16,0,16,True
cf-01498,10,16,0,10,True
cf-01499,11,16,0,11,True
cf-01500,10,16,0,10,True
cf-01501,15,16,0,15,True
cf-01502,1,16,0,1,True
cf-01503,16,16,0,16,True
cf-01504,2,16,0,2,True
cf-01505,15,16,0,15,True
cf-01506,3,16,0,3,True
cf-01507,8,16,0,8,True
cf-01508,16,16,0,16,True
cf-01509,5,16,0,5,True
cf-01510,8,16,0,8,True
cf-01511,16,16,0,16,True
cf-01512,16,16,0,16,True
cf-01513,16,16,0,16,True
cf-01514,16,16,0,16,True
cf-01515,14,16,0,14,True
cf-01516,5,16,0,5,True
cf-01517,15,16,0,15,True
cf-01518,15,16,0,15,True
cf-01519,16,16,0,16,True
cf-01520,8,16,0,8,True
cf-01521,4,16,0,4,True
cf-01522,16,16,0,16,True
cf-01523,0,16,0,0,True
cf-01524,5,16,0,5,True
cf-01525,0,16,0,0,True
cf-01526,16,16,0,16,True
cf-01527,6,16,0,6,True
cf-01528,13,16,0,13,True
cf-01529,14,16,0,14,True
cf-01530,4,16,0,4,True
cf-01531,16,16,0,16,True
cf-01532,5,16,0,5,True
cf-01533,16,16,0,16,True
cf-01534,16,16,0,16,True
cf-01535,12,16,0,12,True
cf-01536,1,16,0,1,True
cf-01537,12,16,0,12,True
cf-01538,12,16,0,12,True
cf-01539,1,16,0,1,True
cf-01540,16,16,0,16,True
cf-01541,0,16,0,0,True
cf-01542,10,16,0,10,True
cf-01543,0,16,0,0,True
cf-01544,16,16,0,16,True
cf-01545,15,16,0,15,True
cf-01546,16,16,0,16,True
cf-01547,15,16,0,15,True
cf-01548,4,16,0,4,True
cf-01549,16,16,0,16,True
cf-01550,15,16,0,15,True
cf-01551,16,16,0,16,True
cf-01552,16,16,0,16,True
cf-01553,11,16,0,11,True
cf-01554,14,16,0,14,True
cf-01555,1,16,0,1,True
cf-01556,0,16,0,0,True
cf-01557,15,16,0,15,True
cf-01558,0,16,0,0,True
cf-01559,0,16,0,0,True
cf-01560,14,16,0,14,True
cf-01561,15,16,0,15,True
cf-01562,16,16,0,16,True
cf-01563,15,16,0,15,True
cf-01564,12,16,0,12,True
cf-01565,8,16,0,8,True
cf-01566,5,16,0,5,True
cf-01567,15,16,0,15,True
cf-01568,14,16,0,14,True
cf-01569,16,16,0,16,True
cf-01570,0,16,0,0,True
cf-01571,11,16,0,11,True
cf-01572,10,16,0,10,True
cf-01573,16,16,0,16,True
cf-01574,10,16,0,10,True
cf-01575,3,16,0,3,True
cf-01576,9,16,0,9,True
cf-01577,13,16,0,13,True
cf-01578,16,16,0,16,True
cf-01579,4,16,0,4,True
cf-01580,16,16,0,16,True
cf-01581,16,16,0,16,True
cf-01582,16,16,0,16,True
cf-01583,14,16,0,14,True
cf-01584,15,16,0,15,True
cf-01585,15,16,0,15,True
cf-01586,12,16,0,12,True
cf-01587,14,16,0,14,True
cf-01588,15,16,0,15,True
cf-01589,16,16,0,16,True
cf-01590,16,16,0,16,True
cf-01591,16,16,0,16,True
cf-01592,3,16,0,3,True
cf-01593,16,16,0,16,True
cf-01594,15,16,0,15,True
cf-01595,16,16,0,16,True
cf-01596,11,16,0,11,True
cf-01597,9,16,0,9,True
cf-01598,3,16,0,3,True
cf-01599,16,16,0,16,True
cf-01600,14,16,0,14,True
cf-01601,15,16,0,15,True
cf-01602,0,16,0,0,True
cf-01603,12,16,0,12,True
cf-01604,16,16,0,16,True
cf-01605,13,16,0,13,True
cf-01606,13,16,0,13,True
cf-01607,5,16,0,5,True
cf-01608,0,16,0,0,True
cf-01609,0,16,0,0,True
cf-01610,0,16,0,0,True
cf-01611,10,16,0,10,True
cf-01612,3,16,0,3,True
cf-01613,0,16,0,0,True
cf-01614,0,16,0,0,True
cf-01615,13,16,0,13,True
cf-01616,16,16,0,16,True
