problem_id,loop0_correct,loop0_unique,loop0_ncand,loop0_miss,loop1_correct,loop1_unique,loop1_ncand,loop1_miss,loop2_correct,loop2_unique,loop2_ncand,loop2_miss,loop3_correct,loop3_unique,loop3_ncand,loop3_miss,problem_class_ref
cf-00000,5,5,16,0,11,11,16,0,10,10,16,0,,,,,informative
cf-00002,0,0,16,0,1,1,16,0,4,4,16,0,,,,,impossible
cf-00004,15,3,16,0,16,3,16,0,16,2,16,0,16,1,16,0,informative
cf-00005,12,12,16,0,14,13,16,0,13,9,16,0,12,6,16,0,informative
cf-00006,13,13,16,0,13,13,16,0,11,11,16,0,,,,,informative
cf-00007,14,14,16,0,15,11,16,0,16,7,16,0,14,2,16,2,informative
cf-00010,0,0,16,0,0,0,16,0,1,1,16,0,0,0,16,14,impossible
cf-00011,6,6,16,0,14,14,16,0,11,11,16,0,,,,,informative
cf-00012,0,0,16,0,0,0,16,0,0,0,16,0,,,,,impossible
cf-00014,1,1,16,0,5,5,16,0,9,9,16,0,,,,,informative
cf-00015,15,15,16,0,15,15,16,0,14,12,16,0,,,,,informative
cf-00016,7,4,16,0,8,5,16,0,7,6,16,0,6,2,16,0,informative
cf-00017,0,0,16,0,1,1,16,0,5,5,16,0,12,11,16,0,impossible
cf-00018,7,7,16,0,16,15,16,0,15,12,16,0,,,,,informative
cf-00019,7,7,16,0,14,14,16,0,16,16,16,0,0,0,16,16,informative
cf-00021,14,14,16,0,16,14,16,0,15,10,16,0,7,2,16,9,informative
cf-00023,13,3,16,0,16,2,16,0,16,2,16,0,,,,,informative
cf-00027,0,0,16,0,0,0,16,0,0,0,16,0,,,,,impossible
cf-00028,0,0,16,0,4,4,16,0,9,9,16,0,,,,,impossible
cf-00029,2,2,16,0,10,10,16,0,15,15,16,0,,,,,informative
cf-00030,11,11,16,0,11,11,16,0,11,11,16,0,15,15,16,0,informative
cf-00031,7,7,16,0,13,13,16,0,11,11,16,0,11,11,16,0,informative
cf-00032,2,2,16,0,8,8,16,0,12,11,16,0,,,,,informative
cf-00033,15,15,16,0,16,14,16,0,16,15,16,0,3,3,16,13,informative
cf-00034,10,10,16,0,15,15,16,0,16,16,16,0,1,1,16,15,informative
cf-00035,6,6,16,0,9,9,16,0,8,8,16,0,,,,,informative
cf-00036,0,0,16,0,0,0,16,0,0,0,16,0,,,,,impossible
cf-00038,4,4,16,0,11,10,16,0,12,12,16,0,,,,,informative
cf-00039,0,0,16,0,3,3,16,0,4,4,16,0,,,,,impossible
cf-00040,15,15,16,0,16,16,16,0,16,15,16,0,16,13,16,0,informative
cf-00041,15,15,16,0,16,16,16,0,16,16,16,0,16,16,16,0,informative
cf-00042,15,15,16,0,16,16,16,0,16,15,16,0,,,,,informative
cf-00043,3,3,16,0,5,3,16,0,8,3,16,0,14,2,16,2,informative
cf-00045,0,0,16,0,0,0,16,0,0,0,16,0,0,0,16,14,impossible
cf-00047,10,10,16,0,9,9,16,0,11,7,16,0,,,,,informative
cf-00048,1,1,16,0,3,3,16,0,5,5,16,0,,,,,informative
cf-00049,3,3,16,0,8,6,16,0,16,13,16,0,,,,,informative
cf-00051,1,1,16,0,4,2,16,0,9,2,16,0,,,,,informative
cf-00052,1,1,16,0,4,4,16,0,7,7,16,0,8,8,16,0,informative
cf-00053,11,3,16,0,16,2,16,0,16,1,16,0,16,1,16,0,informative
cf-00054,9,9,16,0,11,11,16,0,9,7,16,0,,,,,informative
cf-00055,1,1,16,0,3,3,16,0,10,10,16,0,0,0,16,16,informative
cf-00056,15,15,16,0,15,15,16,0,15,15,16,0,0,0,16,16,informative
cf-00057,14,14,16,0,15,15,16,0,14,14,16,0,,,,,informative
cf-00058,0,0,16,0,1,1,16,0,0,0,16,0,,,,,impossible
cf-00060,13,13,16,0,14,14,16,0,15,15,16,0,,,,,informative
cf-00061,0,0,16,0,0,0,16,0,1,1,16,0,,,,,impossible
cf-00062,5,5,16,0,10,10,16,0,14,14,16,0,13,13,16,0,informative
cf-00063,8,6,16,0,11,9,16,0,9,8,16,0,6,5,16,0,informative
cf-00064,11,11,16,0,12,12,16,0,15,15,16,0,,,,,informative
cf-00065,14,14,16,0,11,11,16,0,13,13,16,0,2,2,16,14,informative
cf-00066,13,13,16,0,12,11,16,0,14,14,16,0,1,1,16,15,informative
cf-00067,15,15,16,0,16,16,16,0,16,16,16,0,,,,,informative
cf-00069,0,0,16,0,0,0,16,0,0,0,16,0,,,,,impossible
cf-00070,15,15,16,0,16,16,16,0,16,16,16,0,,,,,informative
cf-00072,10,10,16,0,16,13,16,0,16,13,16,0,,,,,informative
cf-00073,4,4,16,0,11,11,16,0,15,15,16,0,15,15,16,0,informative
cf-00075,11,11,16,0,16,16,16,0,13,13,16,0,12,12,16,0,informative
cf-00076,0,0,16,0,0,0,16,0,0,0,16,0,,,,,impossible
cf-00077,13,10,16,0,16,9,16,0,15,9,16,0,9,5,16,7,informative
cf-00079,9,9,16,0,16,16,16,0,15,15,16,0,1,1,16,15,informative
cf-00080,15,10,16,0,16,9,16,0,16,10,16,0,,,,,informative
cf-00081,2,2,16,0,1,1,16,0,5,5,16,0,,,,,informative
cf-00082,1,1,16,0,0,0,16,0,0,0,16,0,,,,,informative
cf-00083,5,5,16,0,12,12,16,0,9,9,16,0,,,,,informative
cf-00084,8,8,16,0,15,15,16,0,16,16,16,0,15,15,16,0,informative
cf-00085,0,0,16,0,0,0,16,0,0,0,16,0,0,0,16,0,impossible
cf-00087,0,0,16,0,0,0,16,0,0,0,16,0,,,,,impossible
cf-00089,15,6,16,0,16,4,16,0,13,4,16,0,14,4,16,2,informative
cf-00090,0,0,16,0,0,0,16,0,0,0,16,0,0,0,16,16,impossible
cf-00092,3,3,16,0,14,12,16,0,14,13,16,0,,,,,informative
cf-00093,13,13,16,0,12,12,16,0,13,13,16,0,,,,,informative
cf-00095,12,12,16,0,16,15,16,0,16,12,16,0,,,,,informative
cf-00097,8,8,16,0,14,14,16,0,13,13,16,0,,,,,informative
cf-00098,0,0,16,0,0,0,16,0,0,0,16,0,0,0,16,0,impossible
cf-00100,14,14,16,0,14,12,16,0,14,11,16,0,16,8,16,0,informative
cf-00101,14,3,16,0,16,6,16,0,16,6,16,0,,,,,informative
cf-00102,0,0,16,0,0,0,16,0,0,0,16,0,0,0,16,16,impossible
cf-00104,0,0,16,0,0,0,16,0,0,0,16,0,0,0,16,16,impossible
cf-00106,14,14,16,0,16,16,16,0,16,16,16,0,,,,,informative
cf-00107,15,15,16,0,16,16,16,0,16,14,16,0,,,,,informative
cf-00108,0,0,16,0,0,0,16,0,0,0,16,0,,,,,impossible
cf-00109,5,5,16,0,8,8,16,0,7,6,16,0,,,,,informative
cf-00110,8,8,16,0,13,9,16,0,12,8,16,0,11,6,16,0,informative
cf-00114,10,10,16,0,13,12,16,0,16,15,16,0,16,16,16,0,informative
cf-00115,8,8,16,0,1,1,16,0,0,0,16,0,,,,,informative
cf-00116,15,9,16,0,12,7,16,0,5,2,16,0,2,1,16,5,informative
cf-00117,2,2,16,0,7,6,16,0,11,9,16,0,0,0,16,16,informative
cf-00118,0,0,16,0,0,0,16,0,0,0,16,0,,,,,impossible
cf-00121,15,8,16,0,16,6,16,0,16,6,16,0,,,,,informative
cf-00122,3,3,16,0,5,5,16,0,6,6,16,0,,,,,impossible
cf-00123,2,2,16,0,9,8,16,0,12,12,16,0,,,,,informative
cf-00124,15,15,16,0,15,15,16,0,15,14,16,0,16,15,16,0,informative
cf-00125,6,6,16,0,10,9,16,0,12,10,16,0,14,9,16,0,informative
cf-00126,3,3,16,0,13,12,16,0,14,13,16,0,,,,,informative
cf-00127,13,13,16,0,6,4,16,0,4,4,16,0,2,2,16,8,informative
cf-00128,3,3,16,0,4,4,16,0,6,3,16,0,8,2,16,0,informative
cf-00129,0,0,16,0,0,0,16,0,2,2,16,0,,,,,impossible
cf-00130,12,12,16,0,16,11,16,0,16,11,16,0,,,,,informative
cf-00131,15,15,16,0,16,15,16,0,16,14,16,0,,,,,informative
cf-00132,0,0,16,0,0,0,16,0,0,0,16,0,,,,,impossible
cf-00133,9,9,16,0,15,15,16,0,13,13,16,0,15,15,16,0,informative
cf-00134,15,15,16,0,16,13,16,0,16,14,16,0,16,13,16,0,informative
cf-00137,11,11,16,0,10,10,16,0,14,14,16,0,,,,,informative
cf-00138,0,0,16,0,0,0,16,0,0,0,16,0,0,0,16,16,impossible
cf-00139,1,1,16,0,3,3,16,0,5,5,16,0,0,0,16,16,informative
cf-00142,14,14,16,0,16,15,16,0,16,16,16,0,,,,,informative
cf-00148,6,6,16,0,14,14,16,0,14,13,16,0,,,,,informative
cf-00150,3,3,16,0,7,7,16,0,9,8,16,0,,,,,informative
cf-00153,0,0,16,0,0,0,16,0,0,0,16,0,,,,,impossible
cf-00154,11,11,16,0,15,15,16,0,16,16,16,0,16,16,16,0,informative
cf-00155,14,14,16,0,16,16,16,0,16,16,16,0,16,14,16,0,informative
cf-00156,0,0,16,0,0,0,16,0,0,0,16,0,,,,,impossible
cf-00157,5,5,16,0,7,7,16,0,3,1,16,0,1,1,16,13,informative
cf-00159,7,7,16,0,12,12,16,0,13,13,16,0,0,0,16,16,informative
cf-00162,9,9,16,0,15,15,16,0,15,15,16,0,,,,,informative
cf-00163,13,13,16,0,16,14,16,0,16,14,16,0,,,,,informative
cf-00164,3,2,16,0,6,6,16,0,1,1,16,0,,,,,informative
cf-00165,15,15,16,0,14,14,16,0,14,14,16,0,,,,,informative
cf-00166,4,4,16,0,13,13,16,0,14,14,16,0,12,12,16,0,informative
cf-00169,13,13,16,0,15,15,16,0,14,14,16,0,16,16,16,0,informative
cf-00170,5,4,16,0,4,4,16,0,3,3,16,0,,,,,informative
cf-00171,1,1,16,0,5,5,16,0,4,4,16,0,0,0,16,16,informative
cf-00172,0,0,16,0,0,0,16,0,0,0,16,0,0,0,16,16,impossible
cf-00174,15,15,16,0,16,16,16,0,16,16,16,0,,,,,informative
cf-00176,15,15,16,0,16,16,16,0,16,16,16,0,,,,,informative
cf-00177,0,0,16,0,0,0,16,0,0,0,16,0,,,,,impossible
cf-00178,14,14,16,0,14,14,16,0,15,14,16,0,,,,,informative
cf-00179,7,7,16,0,12,11,16,0,13,7,16,0,16,8,16,0,informative
cf-00180,13,13,16,0,13,13,16,0,13,13,16,0,14,14,16,0,informative
cf-00181,13,13,16,0,15,15,16,0,16,16,16,0,,,,,informative
cf-00183,12,12,16,0,12,12,16,0,9,9,16,0,1,1,16,15,informative
cf-00185,0,0,16,0,1,1,16,0,3,3,16,0,1,1,16,15,impossible
cf-00187,15,15,16,0,16,15,16,0,16,10,16,0,,,,,informative
cf-00188,15,15,16,0,16,16,16,0,16,16,16,0,,,,,informative
cf-00189,0,0,16,0,0,0,16,0,0,0,16,0,,,,,impossible
cf-00191,5,5,16,0,9,9,16,0,12,11,16,0,,,,,informative
cf-00192,0,0,16,0,0,0,16,0,0,0,16,0,0,0,16,0,impossible
cf-00193,5,5,16,0,13,12,16,0,14,14,16,0,14,14,16,0,informative
cf-00195,0,0,16,0,0,0,16,0,0,0,16,0,,,,,impossible
cf-00197,12,11,16,0,15,8,16,0,16,10,16,0,9,4,16,7,informative
cf-00200,13,13,16,0,14,14,16,0,15,15,16,0,0,0,16,16,informative
cf-00201,15,15,16,0,16,16,16,0,14,14,16,0,,,,,informative
cf-00202,4,4,16,0,13,9,16,0,14,13,16,0,,,,,informative
cf-00203,15,5,16,0,16,4,16,0,16,2,16,0,,,,,informative
cf-00205,6,6,16,0,2,2,16,0,5,5,16,0,,,,,informative
cf-00207,4,4,16,0,11,11,16,0,11,11,16,0,10,10,16,0,informative
cf-00209,8,8,16,0,14,13,16,0,15,15,16,0,16,15,16,0,informative
cf-00210,0,0,16,0,0,0,16,0,0,0,16,0,,,,,impossible
cf-00211,0,0,16,0,0,0,16,0,0,0,16,0,0,0,16,16,impossible
cf-00212,4,4,16,0,5,5,16,0,8,8,16,0,0,0,16,16,informative
cf-00214,14,14,16,0,16,12,16,0,16,11,16,0,,,,,informative
cf-00215,15,15,16,0,16,14,16,0,16,15,16,0,,,,,informative
cf-00216,6,6,16,0,16,13,16,0,15,15,16,0,,,,,informative
cf-00217,0,0,16,0,0,0,16,0,0,0,16,0,,,,,impossible
cf-00218,15,15,16,0,16,16,16,0,16,16,16,0,16,14,16,0,informative
cf-00221,14,5,16,0,16,3,16,0,16,3,16,0,16,2,16,0,informative
cf-00223,12,12,16,0,10,10,16,0,13,13,16,0,,,,,informative
cf-00224,0,0,16,0,0,0,16,0,1,1,16,0,0,0,16,16,impossible
cf-00225,15,15,16,0,15,15,16,0,16,14,16,0,1,1,16,15,informative
cf-00227,14,14,16,0,10,10,16,0,11,10,16,0,,,,,informative
cf-00229,0,0,16,0,0,0,16,0,0,0,16,0,,,,,impossible
cf-00230,15,10,16,0,16,11,16,0,15,10,16,0,,,,,informative
cf-00231,13,12,16,0,16,14,16,0,16,9,16,0,,,,,informative
cf-00232,14,9,16,0,16,8,16,0,16,4,16,0,16,4,16,0,informative
cf-00234,2,2,16,0,1,1,16,0,0,0,16,0,3,3,16,0,informative
cf-00235,14,13,16,0,16,11,16,0,16,14,16,0,,,,,informative
cf-00237,15,15,16,0,16,14,16,0,16,15,16,0,1,1,16,15,informative
cf-00239,7,7,16,0,15,15,16,0,15,15,16,0,1,1,16,15,informative
cf-00240,15,15,16,0,16,14,16,0,16,14,16,0,,,,,informative
cf-00243,5,4,16,0,8,4,16,0,14,3,16,0,,,,,informative
cf-00244,11,11,16,0,16,13,16,0,16,11,16,0,,,,,informative
cf-00246,0,0,16,0,2,2,16,0,2,2,16,0,,,,,impossible
cf-00248,2,2,16,0,0,0,16,0,0,0,16,0,0,0,16,0,informative
cf-00249,0,0,16,0,0,0,16,0,0,0,16,0,0,0,16,0,impossible
cf-00250,8,7,16,0,13,8,16,0,14,11,16,0,,,,,informative
cf-00252,4,4,16,0,10,10,16,0,14,14,16,0,0,0,16,16,informative
cf-00253,0,0,16,0,0,0,16,0,0,0,16,0,0,0,16,16,impossible
cf-00254,15,15,16,0,16,16,16,0,16,16,16,0,,,,,informative
cf-00255,13,13,16,0,12,12,16,0,15,15,16,0,,,,,informative
cf-00256,6,6,16,0,9,8,16,0,9,9,16,0,,,,,informative
cf-00257,4,4,16,0,15,15,16,0,14,14,16,0,,,,,informative
cf-00258,0,0,16,0,0,0,16,0,0,0,16,0,0,0,16,0,impossible
cf-00260,6,6,16,0,10,10,16,0,16,16,16,0,16,16,16,0,informative
cf-00261,15,13,16,0,16,9,16,0,16,5,16,0,,,,,informative
cf-00262,1,1,16,0,2,2,16,0,2,2,16,0,1,1,16,15,informative
cf-00265,0,0,16,0,0,0,16,0,0,0,16,0,0,0,16,16,impossible
cf-00266,15,15,16,0,16,15,16,0,16,14,16,0,,,,,informative
cf-00269,13,3,16,0,7,3,16,0,4,2,16,0,,,,,informative
cf-00270,15,10,16,0,16,7,16,0,16,8,16,0,,,,,informative
cf-00271,0,0,16,0,0,0,16,0,0,0,16,0,,,,,impossible
cf-00272,9,9,16,0,15,14,16,0,16,16,16,0,16,16,16,0,informative
cf-00273,15,15,16,0,15,15,16,0,14,13,16,0,13,13,16,0,informative
cf-00274,7,7,16,0,2,2,16,0,0,0,16,0,,,,,informative
cf-00275,5,5,16,0,6,6,16,0,9,9,16,0,0,0,16,16,informative
cf-00277,0,0,16,0,0,0,16,0,0,0,16,0,0,0,16,6,impossible
cf-00278,15,15,16,0,15,15,16,0,15,15,16,0,,,,,informative
cf-00279,8,8,16,0,11,11,16,0,12,12,16,0,,,,,informative
cf-00281,1,1,16,0,9,7,16,0,16,14,16,0,,,,,informative
cf-00283,12,12,16,0,15,15,16,0,14,14,16,0,,,,,informative
cf-00284,0,0,16,0,0,0,16,0,0,0,16,0,0,0,16,0,impossible
cf-00285,15,15,16,0,13,13,16,0,12,12,16,0,14,14,16,0,informative
cf-00286,0,0,16,0,0,0,16,0,0,0,16,0,,,,,impossible
cf-00287,11,11,16,0,13,13,16,0,14,14,16,0,1,1,16,15,informative
cf-00288,0,0,16,0,0,0,16,0,0,0,16,0,0,0,16,16,impossible
cf-00289,12,12,16,0,14,9,16,0,16,4,16,0,,,,,informative
cf-00290,0,0,16,0,1,1,16,0,0,0,16,0,,,,,impossible
cf-00291,2,2,16,0,7,7,16,0,9,9,16,0,,,,,informative
cf-00292,15,15,16,0,16,15,16,0,15,15,16,0,,,,,informative
cf-00293,15,15,16,0,15,14,16,0,14,13,16,0,16,14,16,0,informative
cf-00295,9,9,16,0,6,5,16,0,9,9,16,0,9,9,16,0,informative
cf-00301,0,0,16,0,1,1,16,0,3,3,16,0,,,,,impossible
cf-00303,12,11,16,0,16,16,16,0,16,15,16,0,2,1,16,14,informative
cf-00304,13,12,16,0,13,13,16,0,15,14,16,0,1,1,16,15,informative
cf-00306,8,8,16,0,14,14,16,0,15,15,16,0,,,,,informative
cf-00307,1,1,16,0,6,6,16,0,13,13,16,0,,,,,informative
cf-00308,15,15,16,0,16,16,16,0,16,14,16,0,,,,,informative
cf-00309,10,10,16,0,11,11,16,0,12,10,16,0,,,,,informative
cf-00310,0,0,16,0,0,0,16,0,0,0,16,0,0,0,16,0,impossible
cf-00313,0,0,16,0,0,0,16,0,0,0,16,0,0,0,16,0,impossible
cf-00315,0,0,16,0,0,0,16,0,0,0,16,0,,,,,impossible
cf-00318,0,0,16,0,0,0,16,0,0,0,16,0,0,0,16,12,impossible
cf-00319,0,0,16,0,0,0,16,0,0,0,16,0,0,0,16,16,impossible
cf-00320,12,12,16,0,16,16,16,0,13,13,16,0,,,,,informative
cf-00323,0,0,16,0,0,0,16,0,0,0,16,0,,,,,impossible
cf-00326,2,2,16,0,2,2,16,0,3,3,16,0,,,,,informative
cf-00327,13,11,16,0,16,11,16,0,16,9,16,0,,,,,informative
cf-00330,11,11,16,0,8,8,16,0,9,9,16,0,9,9,16,0,informative
cf-00331,3,3,16,0,5,5,16,0,8,6,16,0,15,6,16,0,informative
cf-00332,14,14,16,0,15,8,16,0,15,6,16,0,,,,,informative
cf-00333,0,0,16,0,0,0,16,0,0,0,16,0,0,0,16,5,impossible
cf-00334,10,10,16,0,16,16,16,0,15,14,16,0,3,1,16,13,informative
cf-00335,15,2,16,0,16,1,16,0,16,1,16,0,,,,,informative
cf-00336,0,0,16,0,0,0,16,0,0,0,16,0,,,,,impossible
cf-00337,0,0,16,0,0,0,16,0,0,0,16,0,,,,,impossible
cf-00338,2,2,16,0,8,8,16,0,13,13,16,0,,,,,informative
cf-00339,3,3,16,0,5,5,16,0,5,5,16,0,9,9,16,0,informative
cf-00340,14,14,16,0,16,16,16,0,16,16,16,0,16,15,16,0,informative
cf-00341,15,15,16,0,16,9,16,0,16,8,16,0,,,,,informative
cf-00343,0,0,16,0,1,1,16,0,8,8,16,0,0,0,16,16,impossible
cf-00344,15,15,16,0,16,10,16,0,16,8,16,0,12,3,16,4,informative
cf-00346,0,0,16,0,1,1,16,0,4,4,16,0,,,,,impossible
cf-00347,14,14,16,0,10,9,16,0,6,6,16,0,,,,,informative
cf-00348,15,15,16,0,15,15,16,0,16,16,16,0,,,,,informative
cf-00349,9,9,16,0,8,8,16,0,6,6,16,0,,,,,informative
cf-00351,14,14,16,0,14,8,16,0,16,7,16,0,16,7,16,0,informative
cf-00352,14,5,16,0,16,5,16,0,15,3,16,0,15,2,16,0,informative
cf-00353,14,14,16,0,16,16,16,0,15,15,16,0,,,,,informative
cf-00354,15,15,16,0,16,15,16,0,16,13,16,0,7,5,16,9,informative
cf-00355,2,2,16,0,7,7,16,0,13,12,16,0,0,0,16,15,informative
cf-00356,0,0,16,0,0,0,16,0,0,0,16,0,,,,,impossible
cf-00358,12,12,16,0,11,11,16,0,11,11,16,0,,,,,informative
cf-00359,0,0,16,0,0,0,16,0,1,1,16,0,,,,,impossible
cf-00360,15,14,16,0,16,12,16,0,16,6,16,0,,,,,informative
cf-00363,15,11,16,0,16,10,16,0,16,7,16,0,16,8,16,0,informative
cf-00364,3,3,16,0,14,9,16,0,16,12,16,0,16,16,16,0,informative
cf-00366,1,1,16,0,6,4,16,0,13,9,16,0,,,,,informative
cf-00367,1,1,16,0,1,1,16,0,0,0,16,0,0,0,16,15,informative
cf-00368,15,15,16,0,15,15,16,0,15,15,16,0,0,0,16,16,informative
cf-00372,8,7,16,0,12,9,16,0,15,9,16,0,,,,,informative
cf-00373,2,2,16,0,2,2,16,0,0,0,16,0,,,,,informative
cf-00375,8,8,16,0,13,13,16,0,8,8,16,0,,,,,informative
cf-00376,15,15,16,0,12,12,16,0,14,12,16,0,,,,,informative
cf-00377,8,8,16,0,14,10,16,0,16,13,16,0,16,13,16,0,informative
cf-00378,12,12,16,0,14,14,16,0,16,16,16,0,16,16,16,0,informative
cf-00381,2,2,16,0,9,9,16,0,12,11,16,0,,,,,informative
cf-00384,15,15,16,0,16,10,16,0,16,14,16,0,3,3,16,13,informative
cf-00385,2,2,16,0,1,1,16,0,3,3,16,0,0,0,16,16,informative
cf-00387,9,6,16,0,14,6,16,0,14,2,16,0,,,,,informative
cf-00389,3,3,16,0,10,10,16,0,12,12,16,0,,,,,informative
cf-00391,3,3,16,0,6,6,16,0,2,2,16,0,,,,,informative
cf-00392,15,15,16,0,16,15,16,0,15,15,16,0,,,,,informative
cf-00393,0,0,16,0,0,0,16,0,0,0,16,0,0,0,16,0,impossible
cf-00394,11,5,16,0,16,4,16,0,15,5,16,0,15,5,16,0,informative
cf-00396,13,13,16,0,16,16,16,0,16,16,16,0,,,,,informative
cf-00401,5,5,16,0,12,12,16,0,14,14,16,0,0,0,16,16,informative
cf-00402,0,0,16,0,0,0,16,0,0,0,16,0,0,0,16,16,impossible
cf-00403,3,3,16,0,3,3,16,0,3,3,16,0,,,,,informative
cf-00404,0,0,16,0,0,0,16,0,0,0,16,0,,,,,impossible
cf-00405,0,0,16,0,0,0,16,0,0,0,16,0,,,,,impossible
cf-00406,14,14,16,0,12,12,16,0,9,9,16,0,,,,,informative
cf-00407,14,14,16,0,16,11,16,0,16,8,16,0,16,6,16,0,informative
cf-00410,1,1,16,0,4,4,16,0,6,6,16,0,1,1,16,0,informative
cf-00411,0,0,16,0,0,0,16,0,0,0,16,0,,,,,impossible
cf-00412,0,0,16,0,0,0,16,0,0,0,16,0,0,0,16,10,impossible
cf-00414,1,1,16,0,0,0,16,0,0,0,16,0,0,0,16,11,informative
cf-00416,14,5,16,0,16,6,16,0,16,4,16,0,,,,,informative
cf-00418,15,12,16,0,16,14,16,0,16,13,16,0,,,,,informative
cf-00419,0,0,16,0,11,11,16,0,12,11,16,0,,,,,impossible
cf-00420,13,11,16,0,14,9,16,0,13,3,16,0,,,,,informative
cf-00421,0,0,16,0,1,1,16,0,0,0,16,0,0,0,16,0,impossible
cf-00422,11,11,16,0,12,12,16,0,10,10,16,0,9,9,16,0,informative
cf-00424,0,0,16,0,0,0,16,0,0,0,16,0,,,,,impossible
cf-00427,0,0,16,0,0,0,16,0,0,0,16,0,0,0,16,15,impossible
cf-00428,9,9,16,0,13,11,16,0,13,11,16,0,3,3,16,13,informative
cf-00429,14,13,16,0,16,6,16,0,16,5,16,0,,,,,informative
cf-00431,0,0,16,0,0,0,16,0,0,0,16,0,,,,,impossible
cf-00433,14,14,16,0,13,13,16,0,14,14,16,0,,,,,informative
cf-00436,0,0,16,0,0,0,16,0,0,0,16,0,,,,,impossible
cf-00438,4,2,16,0,14,3,16,0,13,2,16,0,11,2,16,0,informative
cf-00439,15,15,16,0,16,16,16,0,16,16,16,0,16,16,16,0,informative
cf-00440,9,9,16,0,7,7,16,0,8,8,16,0,,,,,informative
cf-00441,2,2,16,0,10,10,16,0,11,11,16,0,0,0,16,16,informative
cf-00443,1,1,16,0,0,0,16,0,0,0,16,0,0,0,16,0,informative
cf-00444,0,0,16,0,0,0,16,0,0,0,16,0,,,,,impossible
cf-00449,15,15,16,0,15,15,16,0,16,14,16,0,,,,,informative
cf-00451,0,0,16,0,0,0,16,0,0,0,16,0,,,,,impossible
cf-00452,14,13,16,0,16,7,16,0,16,3,16,0,,,,,informative
cf-00454,8,8,16,0,16,13,16,0,16,15,16,0,16,15,16,0,informative
cf-00455,10,10,16,0,11,11,16,0,11,11,16,0,11,11,16,0,informative
cf-00456,9,9,16,0,13,13,16,0,15,12,16,0,,,,,informative
cf-00457,8,8,16,0,11,11,16,0,12,12,16,0,0,0,16,16,informative
cf-00458,12,12,16,0,16,15,16,0,16,16,16,0,4,4,16,12,informative
cf-00460,8,8,16,0,6,6,16,0,5,5,16,0,,,,,informative
cf-00461,12,12,16,0,14,14,16,0,16,16,16,0,,,,,informative
cf-00463,14,14,16,0,16,16,16,0,16,15,16,0,,,,,informative
cf-00464,0,0,16,0,0,0,16,0,0,0,16,0,,,,,impossible
cf-00465,15,9,16,0,15,2,16,0,16,2,16,0,16,2,16,0,informative
cf-00466,5,5,16,0,11,10,16,0,15,12,16,0,16,15,16,0,informative
cf-00469,15,15,16,0,16,16,16,0,16,16,16,0,,,,,informative
cf-00470,4,4,16,0,11,10,16,0,14,13,16,0,3,3,16,13,informative
cf-00471,14,11,16,0,16,6,16,0,16,3,16,0,16,2,16,0,informative
cf-00472,8,8,16,0,11,11,16,0,13,13,16,0,,,,,informative
cf-00473,0,0,16,0,0,0,16,0,0,0,16,0,,,,,impossible
cf-00474,12,12,16,0,10,10,16,0,11,10,16,0,,,,,informative
cf-00476,0,0,16,0,0,0,16,0,0,0,16,0,,,,,impossible
cf-00477,0,0,16,0,0,0,16,0,2,2,16,0,5,2,16,0,impossible
cf-00478,3,3,16,0,7,6,16,0,14,7,16,0,16,7,16,0,informative
cf-00479,5,5,16,0,12,9,16,0,12,7,16,0,,,,,informative
cf-00481,7,7,16,0,15,14,16,0,15,15,16,0,2,1,16,14,informative
cf-00482,5,5,16,0,11,5,16,0,15,10,16,0,9,5,16,7,informative
cf-00487,2,2,16,0,5,5,16,0,7,7,16,0,,,,,informative
cf-00489,9,9,16,0,15,15,16,0,16,16,16,0,,,,,informative
cf-00490,1,1,16,0,1,1,16,0,0,0,16,0,,,,,informative
cf-00491,15,15,16,0,16,14,16,0,16,10,16,0,,,,,informative
cf-00492,0,0,16,0,0,0,16,0,0,0,16,0,0,0,16,0,impossible
cf-00494,1,1,16,0,4,4,16,0,10,10,16,0,11,11,16,0,informative
cf-00495,0,0,16,0,0,0,16,0,0,0,16,0,,,,,impossible
cf-00496,2,2,16,0,11,11,16,0,14,14,16,0,0,0,16,16,informative
cf-00497,4,4,16,0,6,5,16,0,5,5,16,0,1,1,16,14,informative
cf-00499,10,10,16,0,16,16,16,0,16,16,16,0,,,,,informative
cf-00500,15,15,16,0,16,13,16,0,16,15,16,0,,,,,informative
cf-00501,9,9,16,0,13,13,16,0,14,14,16,0,,,,,informative
cf-00503,6,6,16,0,13,13,16,0,14,14,16,0,,,,,informative
cf-00504,1,1,16,0,0,0,16,0,0,0,16,0,0,0,16,0,informative
cf-00506,1,1,16,0,3,3,16,0,0,0,16,0,1,1,16,0,informative
cf-00508,8,8,16,0,16,16,16,0,13,13,16,0,,,,,informative
cf-00509,13,13,16,0,16,16,16,0,16,14,16,0,6,4,16,10,informative
cf-00510,12,12,16,0,16,16,16,0,14,14,16,0,3,1,16,13,informative
cf-00511,9,9,16,0,5,5,16,0,2,2,16,0,,,,,informative
cf-00513,1,1,16,0,7,7,16,0,9,9,16,0,,,,,informative
cf-00514,10,10,16,0,13,13,16,0,15,15,16,0,,,,,informative
cf-00521,9,9,16,0,13,13,16,0,13,13,16,0,,,,,informative
cf-00523,0,0,16,0,0,0,16,0,0,0,16,0,0,0,16,0,impossible
cf-00524,6,6,16,0,14,14,16,0,14,14,16,0,14,14,16,0,informative
cf-00527,11,11,16,0,14,14,16,0,15,13,16,0,,,,,informative
cf-00528,15,15,16,0,16,16,16,0,16,12,16,0,1,1,16,15,informative
cf-00530,15,2,16,0,16,1,16,0,16,1,16,0,15,1,16,1,informative
cf-00531,6,6,16,0,11,10,16,0,12,11,16,0,,,,,informative
cf-00532,0,0,16,0,0,0,16,0,0,0,16,0,,,,,impossible
cf-00533,9,9,16,0,14,13,16,0,16,14,16,0,,,,,informative
cf-00535,3,3,16,0,6,6,16,0,7,7,16,0,,,,,informative
cf-00537,1,1,16,0,2,2,16,0,1,1,16,0,0,0,16,0,informative
cf-00539,0,0,16,0,0,0,16,0,0,0,16,0,0,0,16,0,impossible
cf-00540,6,6,16,0,4,4,16,0,4,4,16,0,,,,,informative
cf-00541,0,0,16,0,0,0,16,0,2,2,16,0,3,1,16,13,impossible
cf-00542,12,12,16,0,14,14,16,0,9,9,16,0,0,0,16,16,informative
cf-00543,0,0,16,0,0,0,16,0,0,0,16,0,,,,,impossible
cf-00545,1,1,16,0,0,0,16,0,1,1,16,0,,,,,informative
cf-00546,14,14,16,0,16,16,16,0,16,16,16,0,,,,,informative
cf-00547,0,0,16,0,0,0,16,0,3,3,16,0,,,,,impossible
cf-00548,1,1,16,0,5,5,16,0,7,7,16,0,6,6,16,0,informative
cf-00549,14,14,16,0,16,11,16,0,16,11,16,0,16,11,16,0,informative
cf-00551,0,0,16,0,0,0,16,0,0,0,16,0,,,,,impossible
cf-00553,13,13,16,0,9,9,16,0,12,12,16,0,0,0,16,16,informative
cf-00554,3,3,16,0,9,9,16,0,15,15,16,0,1,1,16,15,informative
cf-00556,15,15,16,0,16,16,16,0,16,16,16,0,,,,,informative
cf-00558,15,15,16,0,16,16,16,0,16,15,16,0,,,,,informative
cf-00560,7,7,16,0,5,5,16,0,6,6,16,0,,,,,informative
cf-00562,14,13,16,0,15,13,16,0,16,12,16,0,,,,,informative
cf-00564,1,1,16,0,7,1,16,0,15,1,16,0,16,1,16,0,informative
cf-00565,12,6,16,0,14,8,16,0,13,5,16,0,10,6,16,0,informative
cf-00566,0,0,16,0,0,0,16,0,0,0,16,0,,,,,impossible
cf-00567,0,0,16,0,0,0,16,0,0,0,16,0,0,0,16,15,impossible
cf-00568,5,5,16,0,6,6,16,0,2,2,16,0,0,0,16,7,informative
cf-00569,12,12,16,0,15,15,16,0,15,15,16,0,,,,,informative
cf-00571,11,11,16,0,13,11,16,0,11,9,16,0,,,,,informative
cf-00572,5,5,16,0,8,8,16,0,10,10,16,0,,,,,informative
cf-00573,15,15,16,0,16,16,16,0,16,16,16,0,,,,,informative
cf-00576,12,12,16,0,16,15,16,0,16,15,16,0,16,14,16,0,informative
cf-00577,15,14,16,0,15,12,16,0,16,12,16,0,16,11,16,0,informative
cf-00581,1,1,16,0,6,5,16,0,12,8,16,0,,,,,informative
cf-00582,15,11,16,0,15,4,16,0,14,3,16,0,11,1,16,5,informative
cf-00583,0,0,16,0,0,0,16,0,0,0,16,0,0,0,16,16,impossible
cf-00584,11,11,16,0,15,14,16,0,16,15,16,0,,,,,informative
cf-00585,9,9,16,0,11,11,16,0,12,12,16,0,,,,,informative
cf-00589,14,13,16,0,16,9,16,0,16,4,16,0,,,,,informative
cf-00592,13,13,16,0,15,15,16,0,16,16,16,0,,,,,informative
cf-00594,15,15,16,0,16,16,16,0,16,16,16,0,16,15,16,0,informative
cf-00595,0,0,16,0,0,0,16,0,2,2,16,0,1,1,16,0,impossible
cf-00596,14,14,16,0,16,16,16,0,16,16,16,0,,,,,informative
cf-00597,0,0,16,0,0,0,16,0,0,0,16,0,0,0,16,5,impossible
cf-00598,15,14,16,0,16,10,16,0,16,7,16,0,12,3,16,4,informative
cf-00599,0,0,16,0,0,0,16,0,0,0,16,0,,,,,impossible
cf-00600,7,7,16,0,13,12,16,0,8,8,16,0,,,,,informative
cf-00601,14,14,16,0,15,15,16,0,16,16,16,0,,,,,informative
cf-00602,10,9,16,0,16,7,16,0,16,4,16,0,,,,,informative
cf-00603,10,10,16,0,10,9,16,0,13,13,16,0,14,14,16,0,informative
cf-00604,12,12,16,0,12,12,16,0,10,10,16,0,13,13,16,0,informative
cf-00607,0,0,16,0,0,0,16,0,0,0,16,0,,,,,impossible
cf-00608,15,14,16,0,16,12,16,0,16,11,16,0,0,0,16,16,informative
cf-00609,2,2,16,0,6,6,16,0,6,6,16,0,0,0,16,15,informative
cf-00610,14,14,16,0,16,16,16,0,12,12,16,0,,,,,informative
cf-00611,0,0,16,0,0,0,16,0,1,1,16,0,,,,,impossible
cf-00614,15,15,16,0,16,12,16,0,16,15,16,0,,,,,informative
cf-00618,0,0,16,0,0,0,16,0,0,0,16,0,,,,,impossible
cf-00619,7,7,16,0,14,14,16,0,14,14,16,0,16,14,16,0,informative
cf-00621,15,15,16,0,15,14,16,0,16,15,16,0,16,15,16,0,informative
cf-00622,12,9,16,0,14,7,16,0,16,9,16,0,,,,,informative
cf-00623,5,5,16,0,15,11,16,0,14,9,16,0,11,5,16,5,informative
cf-00625,0,0,16,0,0,0,16,0,0,0,16,0,0,0,16,6,impossible
cf-00627,15,10,16,0,16,8,16,0,16,10,16,0,,,,,informative
cf-00630,15,15,16,0,15,15,16,0,16,16,16,0,,,,,informative
cf-00631,0,0,16,0,0,0,16,0,0,0,16,0,,,,,impossible
cf-00633,1,1,16,0,4,4,16,0,5,5,16,0,,,,,informative
cf-00635,15,5,16,0,16,4,16,0,16,3,16,0,16,3,16,0,informative
cf-00636,0,0,16,0,0,0,16,0,0,0,16,0,0,0,16,0,impossible
cf-00637,15,8,16,0,16,3,16,0,16,3,16,0,,,,,informative
cf-00638,9,9,16,0,16,16,16,0,16,16,16,0,0,0,16,16,informative
cf-00640,0,0,16,0,3,3,16,0,12,7,16,0,7,3,16,9,impossible
cf-00641,14,13,16,0,14,9,16,0,16,10,16,0,,,,,informative
cf-00642,13,13,16,0,15,15,16,0,15,15,16,0,,,,,informative
cf-00644,9,9,16,0,14,14,16,0,15,15,16,0,,,,,informative
cf-00645,15,15,16,0,16,15,16,0,16,13,16,0,,,,,informative
cf-00649,3,2,16,0,16,7,16,0,16,7,16,0,16,6,16,0,informative
cf-00650,4,4,16,0,8,6,16,0,12,11,16,0,14,13,16,0,informative
cf-00651,4,3,16,0,6,5,16,0,7,6,16,0,,,,,informative
cf-00652,13,13,16,0,11,11,16,0,12,12,16,0,2,2,16,13,informative
cf-00653,15,15,16,0,16,16,16,0,16,14,16,0,2,2,16,14,informative
cf-00654,0,0,16,0,0,0,16,0,0,0,16,0,,,,,impossible
cf-00655,12,12,16,0,16,16,16,0,16,15,16,0,,,,,informative
cf-00658,8,8,16,0,15,15,16,0,16,16,16,0,,,,,informative
cf-00660,15,14,16,0,16,11,16,0,16,14,16,0,,,,,informative
cf-00663,9,9,16,0,4,4,16,0,2,2,16,0,1,1,16,0,informative
cf-00665,1,1,16,0,5,5,16,0,8,8,16,0,7,6,16,0,informative
cf-00666,15,14,16,0,16,10,16,0,16,9,16,0,,,,,informative
cf-00667,8,8,16,0,13,13,16,0,16,16,16,0,0,0,16,16,informative
cf-00668,2,2,16,0,3,3,16,0,3,3,16,0,1,1,16,4,informative
cf-00670,13,13,16,0,16,16,16,0,16,16,16,0,,,,,informative
cf-00671,15,15,16,0,16,16,16,0,15,15,16,0,,,,,informative
cf-00672,13,13,16,0,13,12,16,0,12,12,16,0,,,,,informative
cf-00674,9,9,16,0,14,10,16,0,16,13,16,0,,,,,informative
cf-00675,13,13,16,0,16,15,16,0,16,14,16,0,16,12,16,0,informative
cf-00677,15,15,16,0,16,16,16,0,15,15,16,0,15,15,16,0,informative
cf-00679,15,15,16,0,16,13,16,0,16,7,16,0,,,,,informative
cf-00680,3,3,16,0,7,7,16,0,5,5,16,0,1,1,16,13,informative
cf-00681,8,8,16,0,16,16,16,0,15,15,16,0,0,0,16,16,informative
cf-00682,14,14,16,0,16,16,16,0,16,16,16,0,,,,,informative
cf-00684,13,13,16,0,16,16,16,0,15,15,16,0,,,,,informative
cf-00685,7,5,16,0,13,8,16,0,14,6,16,0,,,,,informative
cf-00686,4,4,16,0,11,11,16,0,12,12,16,0,,,,,informative
cf-00688,8,8,16,0,16,16,16,0,16,16,16,0,16,14,16,0,informative
cf-00690,9,9,16,0,10,10,16,0,10,10,16,0,8,7,16,0,informative
cf-00691,0,0,16,0,0,0,16,0,0,0,16,0,,,,,impossible
cf-00692,13,13,16,0,13,13,16,0,8,8,16,0,0,0,16,16,informative
cf-00695,1,1,16,0,1,1,16,0,0,0,16,0,0,0,16,16,informative
cf-00696,3,3,16,0,0,0,16,0,0,0,16,0,,,,,informative
cf-00697,0,0,16,0,0,0,16,0,0,0,16,0,,,,,impossible
cf-00699,15,14,16,0,16,13,16,0,16,10,16,0,,,,,informative
cf-00701,10,10,16,0,12,11,16,0,16,16,16,0,,,,,informative
cf-00703,14,14,16,0,16,16,16,0,15,15,16,0,15,15,16,0,informative
cf-00704,13,13,16,0,15,13,16,0,16,13,16,0,16,12,16,0,informative
cf-00705,0,0,16,0,0,0,16,0,0,0,16,0,,,,,impossible
cf-00706,11,11,16,0,16,16,16,0,16,15,16,0,4,3,16,12,informative
cf-00709,15,14,16,0,16,8,16,0,16,8,16,0,13,2,16,3,informative
cf-00710,7,7,16,0,14,13,16,0,16,14,16,0,,,,,informative
cf-00713,0,0,16,0,1,1,16,0,0,0,16,0,,,,,impossible
cf-00714,13,13,16,0,16,16,16,0,16,16,16,0,,,,,informative
cf-00716,15,15,16,0,14,14,16,0,15,15,16,0,,,,,informative
cf-00718,1,1,16,0,7,7,16,0,12,12,16,0,12,12,16,0,informative
cf-00719,12,10,16,0,13,9,16,0,16,8,16,0,16,7,16,0,informative
cf-00721,15,15,16,0,14,14,16,0,16,16,16,0,,,,,informative
cf-00722,0,0,16,0,0,0,16,0,0,0,16,0,0,0,16,16,impossible
cf-00724,0,0,16,0,0,0,16,0,0,0,16,0,0,0,16,15,impossible
cf-00725,2,2,16,0,8,8,16,0,13,13,16,0,,,,,informative
cf-00726,14,14,16,0,16,16,16,0,16,16,16,0,,,,,informative
cf-00727,15,8,16,0,12,6,16,0,6,4,16,0,,,,,informative
cf-00732,2,1,16,0,6,4,16,0,15,6,16,0,,,,,informative
cf-00733,0,0,16,0,0,0,16,0,0,0,16,0,0,0,16,0,impossible
cf-00734,11,11,16,0,14,9,16,0,13,9,16,0,15,6,16,0,informative
cf-00736,2,2,16,0,10,6,16,0,12,10,16,0,,,,,informative
cf-00738,0,0,16,0,0,0,16,0,0,0,16,0,0,0,16,12,impossible
cf-00739,0,0,16,0,1,1,16,0,2,2,16,0,4,2,16,12,impossible
cf-00741,0,0,16,0,0,0,16,0,0,0,16,0,,,,,impossible
cf-00742,14,5,16,0,15,6,16,0,15,6,16,0,,,,,informative
cf-00743,14,14,16,0,15,15,16,0,14,14,16,0,,,,,informative
cf-00744,14,14,16,0,16,15,16,0,16,15,16,0,,,,,informative
cf-00745,8,6,16,0,16,6,16,0,16,5,16,0,16,5,16,0,informative
cf-00746,13,13,16,0,15,15,16,0,15,15,16,0,16,16,16,0,informative
cf-00747,0,0,16,0,0,0,16,0,0,0,16,0,,,,,impossible
cf-00748,11,11,16,0,14,14,16,0,15,11,16,0,11,5,16,5,informative
cf-00750,15,15,16,0,15,15,16,0,13,13,16,0,0,0,16,16,informative
cf-00751,0,0,16,0,0,0,16,0,0,0,16,0,,,,,impossible
cf-00752,10,10,16,0,12,12,16,0,9,9,16,0,,,,,informative
cf-00753,9,9,16,0,16,16,16,0,16,16,16,0,,,,,informative
cf-00755,13,13,16,0,16,16,16,0,16,12,16,0,,,,,informative
cf-00756,0,0,16,0,0,0,16,0,0,0,16,0,0,0,16,0,impossible
cf-00757,9,9,16,0,12,12,16,0,11,11,16,0,6,6,16,0,informative
cf-00758,6,6,16,0,13,13,16,0,14,14,16,0,,,,,informative
cf-00759,0,0,16,0,0,0,16,0,16,16,16,0,0,0,16,16,impossible
cf-00760,1,1,16,0,3,3,16,0,7,7,16,0,0,0,16,16,informative
cf-00761,8,8,16,0,14,14,16,0,16,16,16,0,,,,,informative
cf-00763,10,10,16,0,15,15,16,0,16,16,16,0,,,,,informative
cf-00764,0,0,16,0,1,1,16,0,5,5,16,0,,,,,impossible
cf-00765,14,2,16,0,16,1,16,0,16,1,16,0,,,,,informative
cf-00767,4,4,16,0,7,7,16,0,12,12,16,0,14,14,16,0,informative
cf-00769,13,13,16,0,15,14,16,0,14,14,16,0,16,16,16,0,informative
cf-00770,0,0,16,0,1,1,16,0,1,1,16,0,,,,,impossible
cf-00771,12,12,16,0,16,15,16,0,16,16,16,0,1,1,16,15,informative
cf-00772,12,10,16,0,11,7,16,0,12,6,16,0,14,4,16,1,informative
cf-00773,0,0,16,0,0,0,16,0,0,0,16,0,,,,,impossible
cf-00779,6,3,16,0,16,3,16,0,13,2,16,0,,,,,informative
cf-00780,4,4,16,0,6,6,16,0,13,13,16,0,,,,,informative
cf-00781,15,15,16,0,16,14,16,0,15,14,16,0,,,,,informative
cf-00782,0,0,16,0,5,5,16,0,10,10,16,0,12,11,16,0,impossible
cf-00784,3,3,16,0,0,0,16,0,6,6,16,0,11,7,16,0,informative
cf-00785,14,14,16,0,14,14,16,0,11,11,16,0,,,,,informative
cf-00786,0,0,16,0,2,2,16,0,0,0,16,0,0,0,16,12,impossible
cf-00787,13,13,16,0,16,12,16,0,16,9,16,0,13,7,16,3,informative
cf-00788,4,4,16,0,12,9,16,0,16,12,16,0,,,,,informative
cf-00792,10,10,16,0,12,12,16,0,13,10,16,0,,,,,informative
cf-00793,15,15,16,0,16,16,16,0,15,15,16,0,,,,,informative
cf-00794,15,10,16,0,16,4,16,0,16,3,16,0,,,,,informative
cf-00798,3,3,16,0,9,8,16,0,12,12,16,0,14,13,16,0,informative
cf-00799,12,12,16,0,13,13,16,0,11,11,16,0,13,13,16,0,informative
cf-00801,14,14,16,0,13,13,16,0,16,16,16,0,,,,,informative
cf-00803,9,9,16,0,13,12,16,0,15,15,16,0,0,0,16,16,informative
cf-00804,12,9,16,0,15,9,16,0,16,11,16,0,6,5,16,10,informative
cf-00806,12,12,16,0,15,15,16,0,16,14,16,0,,,,,informative
cf-00807,11,5,16,0,16,6,16,0,16,6,16,0,,,,,informative
cf-00808,12,11,16,0,5,5,16,0,8,5,16,0,,,,,informative
cf-00809,5,5,16,0,5,3,16,0,6,2,16,0,,,,,informative
cf-00810,5,5,16,0,12,12,16,0,15,15,16,0,16,16,16,0,informative
cf-00811,14,14,16,0,16,14,16,0,16,16,16,0,15,15,16,0,informative
cf-00812,12,12,16,0,15,15,16,0,16,16,16,0,,,,,informative
cf-00813,8,8,16,0,15,14,16,0,14,14,16,0,0,0,16,16,informative
cf-00814,10,10,16,0,16,15,16,0,16,13,16,0,10,5,16,6,informative
cf-00816,10,9,16,0,16,5,16,0,16,7,16,0,,,,,informative
cf-00817,15,1,16,0,16,1,16,0,16,1,16,0,,,,,informative
cf-00819,0,0,16,0,0,0,16,0,0,0,16,0,,,,,impossible
cf-00820,15,15,16,0,16,15,16,0,15,11,16,0,,,,,informative
cf-00824,9,9,16,0,15,14,16,0,16,16,16,0,16,15,16,0,informative
cf-00825,5,5,16,0,7,7,16,0,7,7,16,0,5,5,16,0,informative
cf-00826,0,0,16,0,2,2,16,0,5,2,16,0,,,,,impossible
cf-00827,15,15,16,0,10,10,16,0,8,8,16,0,0,0,16,16,informative
cf-00829,4,4,16,0,6,4,16,0,10,5,16,0,10,3,16,6,informative
cf-00831,0,0,16,0,0,0,16,0,0,0,16,0,,,,,impossible
cf-00832,3,3,16,0,8,8,16,0,2,2,16,0,,,,,informative
cf-00833,15,13,16,0,15,7,16,0,16,5,16,0,,,,,informative
cf-00834,0,0,16,0,0,0,16,0,0,0,16,0,,,,,impossible
cf-00835,0,0,16,0,0,0,16,0,0,0,16,0,0,0,16,0,impossible
cf-00838,11,11,16,0,14,14,16,0,15,15,16,0,15,15,16,0,informative
cf-00839,11,11,16,0,12,12,16,0,12,12,16,0,,,,,informative
cf-00842,0,0,16,0,2,2,16,0,0,0,16,0,0,0,16,16,impossible
cf-00843,11,11,16,0,14,14,16,0,15,15,16,0,0,0,16,16,informative
cf-00844,0,0,16,0,0,0,16,0,0,0,16,0,,,,,impossible
cf-00845,9,7,16,0,15,9,16,0,15,6,16,0,,,,,informative
cf-00846,0,0,16,0,0,0,16,0,0,0,16,0,,,,,impossible
cf-00847,7,7,16,0,13,10,16,0,15,10,16,0,,,,,informative
cf-00848,15,15,16,0,16,15,16,0,16,13,16,0,16,10,16,0,informative
cf-00849,15,14,16,0,13,7,16,0,12,3,16,0,14,4,16,0,informative
cf-00850,0,0,16,0,0,0,16,0,0,0,16,0,,,,,impossible
cf-00851,13,13,16,0,16,10,16,0,16,7,16,0,15,5,16,1,informative
cf-00853,9,9,16,0,13,13,16,0,15,14,16,0,0,0,16,16,informative
cf-00855,15,10,16,0,16,6,16,0,16,4,16,0,,,,,informative
cf-00857,15,12,16,0,16,14,16,0,16,10,16,0,,,,,informative
cf-00859,0,0,16,0,0,0,16,0,0,0,16,0,,,,,impossible
cf-00861,0,0,16,0,0,0,16,0,0,0,16,0,,,,,impossible
cf-00862,15,14,16,0,16,13,16,0,16,9,16,0,16,8,16,0,informative
cf-00863,14,14,16,0,16,15,16,0,13,11,16,0,16,12,16,0,informative
cf-00865,10,10,16,0,14,14,16,0,16,16,16,0,,,,,informative
cf-00866,9,9,16,0,16,14,16,0,16,11,16,0,8,4,16,8,informative
cf-00867,9,9,16,0,11,11,16,0,14,10,16,0,7,4,16,8,informative
cf-00869,6,6,16,0,16,16,16,0,16,16,16,0,,,,,informative
cf-00870,14,14,16,0,16,16,16,0,16,15,16,0,,,,,informative
cf-00871,13,13,16,0,14,14,16,0,16,16,16,0,,,,,informative
cf-00873,15,15,16,0,11,11,16,0,10,10,16,0,,,,,informative
cf-00874,12,12,16,0,15,15,16,0,15,15,16,0,15,15,16,0,informative
cf-00875,6,6,16,0,15,15,16,0,16,16,16,0,16,16,16,0,informative
cf-00877,4,4,16,0,12,12,16,0,11,11,16,0,,,,,informative
cf-00878,13,13,16,0,16,16,16,0,16,16,16,0,1,1,16,15,informative
cf-00880,0,0,16,0,0,0,16,0,1,1,16,0,0,0,16,16,impossible
cf-00881,11,11,16,0,4,4,16,0,2,2,16,0,,,,,informative
cf-00883,12,12,16,0,14,14,16,0,12,11,16,0,,,,,informative
cf-00884,0,0,16,0,0,0,16,0,0,0,16,0,,,,,impossible
cf-00885,0,0,16,0,0,0,16,0,1,1,16,0,,,,,impossible
cf-00886,12,11,16,0,4,3,16,0,7,1,16,0,4,1,16,0,informative
cf-00888,14,13,16,0,16,14,16,0,15,13,16,0,15,14,16,0,informative
cf-00889,5,5,16,0,10,9,16,0,8,8,16,0,,,,,informative
cf-00890,0,0,16,0,0,0,16,0,1,1,16,0,2,1,16,14,impossible
cf-00891,0,0,16,0,0,0,16,0,0,0,16,0,0,0,16,16,impossible
cf-00893,1,1,16,0,5,5,16,0,8,8,16,0,,,,,informative
cf-00895,15,15,16,0,16,16,16,0,15,14,16,0,,,,,informative
cf-00898,0,0,16,0,0,0,16,0,0,0,16,0,,,,,impossible
cf-00899,4,4,16,0,8,6,16,0,15,8,16,0,,,,,informative
cf-00900,0,0,16,0,0,0,16,0,0,0,16,0,0,0,16,0,impossible
cf-00901,14,14,16,0,16,14,16,0,16,15,16,0,16,16,16,0,informative
cf-00902,9,9,16,0,13,13,16,0,16,16,16,0,,,,,informative
cf-00903,7,7,16,0,15,15,16,0,16,16,16,0,2,1,16,14,informative
cf-00904,0,0,16,0,0,0,16,0,0,0,16,0,0,0,16,16,impossible
cf-00905,13,13,16,0,16,16,16,0,15,11,16,0,,,,,informative
cf-00906,10,10,16,0,13,13,16,0,15,15,16,0,,,,,informative
cf-00908,15,15,16,0,15,14,16,0,14,10,16,0,,,,,informative
cf-00910,14,14,16,0,16,16,16,0,16,15,16,0,,,,,informative
cf-00912,15,15,16,0,15,15,16,0,16,16,16,0,14,14,16,0,informative
cf-00913,15,15,16,0,15,15,16,0,16,16,16,0,16,16,16,0,informative
cf-00914,0,0,16,0,0,0,16,0,0,0,16,0,,,,,impossible
cf-00916,0,0,16,0,0,0,16,0,0,0,16,0,0,0,16,16,impossible
cf-00917,14,14,16,0,16,16,16,0,16,15,16,0,1,1,16,15,informative
cf-00919,0,0,16,0,0,0,16,0,0,0,16,0,,,,,impossible
cf-00921,15,15,16,0,16,16,16,0,15,15,16,0,,,,,informative
cf-00922,5,5,16,0,14,13,16,0,15,14,16,0,,,,,informative
cf-00923,0,0,16,0,0,0,16,0,0,0,16,0,,,,,impossible
cf-00924,3,3,16,0,2,2,16,0,7,7,16,0,6,6,16,0,informative
cf-00927,4,4,16,0,5,5,16,0,7,5,16,0,6,3,16,0,informative
cf-00928,14,14,16,0,13,13,16,0,10,10,16,0,,,,,informative
cf-00930,4,1,16,0,15,1,16,0,16,1,16,0,16,1,16,0,informative
cf-00931,15,14,16,0,16,12,16,0,16,10,16,0,5,3,16,11,informative
cf-00932,14,13,16,0,15,14,16,0,15,12,16,0,,,,,informative
cf-00933,0,0,16,0,0,0,16,0,0,0,16,0,,,,,impossible
cf-00934,12,12,16,0,16,14,16,0,14,11,16,0,,,,,informative
cf-00935,14,14,16,0,14,14,16,0,15,15,16,0,,,,,informative
cf-00936,0,0,16,0,0,0,16,0,1,1,16,0,1,1,16,0,impossible
cf-00937,15,15,16,0,16,14,16,0,15,12,16,0,16,14,16,0,informative
cf-00938,1,1,16,0,6,6,16,0,12,12,16,0,,,,,informative
cf-00939,3,3,16,0,8,8,16,0,5,5,16,0,2,2,16,14,informative
cf-00940,8,5,16,0,16,2,16,0,15,3,16,0,16,1,16,0,informative
cf-00941,0,0,16,0,2,2,16,0,6,6,16,0,,,,,impossible
cf-00942,15,15,16,0,10,10,16,0,14,14,16,0,,,,,informative
cf-00943,7,7,16,0,11,11,16,0,12,12,16,0,,,,,informative
cf-00944,6,6,16,0,16,15,16,0,16,15,16,0,,,,,informative
cf-00946,5,5,16,0,12,12,16,0,15,14,16,0,14,12,16,0,informative
cf-00947,0,0,16,0,5,5,16,0,14,12,16,0,16,16,16,0,impossible
cf-00949,14,14,16,0,16,15,16,0,16,12,16,0,,,,,informative
cf-00950,15,15,16,0,16,15,16,0,16,14,16,0,8,3,16,8,informative
cf-00951,3,3,16,0,7,6,16,0,12,8,16,0,8,5,16,8,informative
cf-00952,0,0,16,0,0,0,16,0,1,1,16,0,,,,,impossible
cf-00953,6,6,16,0,10,9,16,0,13,11,16,0,,,,,informative
cf-00954,1,1,16,0,7,7,16,0,10,10,16,0,,,,,informative
cf-00956,0,0,16,0,0,0,16,0,0,0,16,0,,,,,impossible
cf-00957,14,14,16,0,16,16,16,0,16,16,16,0,16,16,16,0,informative
cf-00958,0,0,16,0,0,0,16,0,0,0,16,0,0,0,16,0,impossible
cf-00961,15,15,16,0,13,11,16,0,13,10,16,0,,,,,informative
cf-00962,5,5,16,0,5,5,16,0,3,3,16,0,0,0,16,16,informative
cf-00964,14,14,16,0,16,15,16,0,16,15,16,0,5,4,16,11,informative
cf-00968,0,0,16,0,0,0,16,0,0,0,16,0,,,,,impossible
cf-00969,9,9,16,0,14,14,16,0,16,15,16,0,,,,,informative
cf-00970,15,9,16,0,16,4,16,0,16,2,16,0,,,,,informative
cf-00974,2,2,16,0,2,2,16,0,3,3,16,0,,,,,informative
cf-00975,13,13,16,0,15,15,16,0,16,16,16,0,15,14,16,0,informative
cf-00978,2,2,16,0,6,6,16,0,5,5,16,0,1,1,16,0,informative
cf-00980,0,0,16,0,0,0,16,0,0,0,16,0,,,,,impossible
cf-00982,3,3,16,0,9,9,16,0,12,12,16,0,0,0,16,16,informative
cf-00984,0,0,16,0,0,0,16,0,6,6,16,0,0,0,16,16,impossible
cf-00985,0,0,16,0,0,0,16,0,0,0,16,0,,,,,impossible
cf-00986,6,6,16,0,15,15,16,0,16,16,16,0,,,,,informative
cf-00988,13,4,16,0,15,2,16,0,12,2,16,0,,,,,informative
cf-00989,0,0,16,0,0,0,16,0,0,0,16,0,,,,,impossible
cf-00990,1,1,16,0,2,2,16,0,1,1,16,0,0,0,16,0,informative
cf-00991,12,12,16,0,15,13,16,0,16,10,16,0,16,7,16,0,informative
cf-00993,11,11,16,0,13,13,16,0,12,12,16,0,,,,,informative
cf-00994,15,13,16,0,16,13,16,0,16,13,16,0,2,2,16,14,informative
cf-00997,11,10,16,0,13,13,16,0,15,13,16,0,8,6,16,8,informative
cf-00998,14,14,16,0,16,14,16,0,16,15,16,0,,,,,informative
cf-00999,14,14,16,0,16,16,16,0,16,16,16,0,,,,,informative
cf-01000,10,10,16,0,10,10,16,0,8,8,16,0,,,,,informative
cf-01001,13,13,16,0,16,16,16,0,16,15,16,0,,,,,informative
cf-01004,14,14,16,0,14,14,16,0,14,13,16,0,10,10,16,0,informative
cf-01005,15,15,16,0,16,12,16,0,16,16,16,0,16,12,16,0,informative
cf-01008,15,13,16,0,16,9,16,0,16,6,16,0,,,,,informative
cf-01009,13,13,16,0,15,13,16,0,12,12,16,0,2,1,16,12,informative
cf-01010,0,0,16,0,1,1,16,0,1,1,16,0,0,0,16,7,impossible
cf-01012,14,14,16,0,16,16,16,0,16,16,16,0,,,,,informative
cf-01013,10,10,16,0,16,16,16,0,15,15,16,0,,,,,informative
cf-01014,13,13,16,0,15,15,16,0,15,15,16,0,,,,,informative
cf-01015,5,5,16,0,12,11,16,0,14,14,16,0,,,,,informative
cf-01016,15,15,16,0,15,15,16,0,16,14,16,0,16,15,16,0,informative
cf-01017,5,5,16,0,15,5,16,0,15,5,16,0,16,7,16,0,informative
cf-01018,13,13,16,0,10,8,16,0,8,8,16,0,,,,,informative
cf-01021,10,10,16,0,6,6,16,0,14,14,16,0,0,0,16,15,informative
cf-01022,10,10,16,0,16,10,16,0,16,6,16,0,14,2,16,2,informative
cf-01025,0,0,16,0,0,0,16,0,0,0,16,0,,,,,impossible
cf-01026,0,0,16,0,0,0,16,0,0,0,16,0,,,,,impossible
cf-01027,11,11,16,0,10,10,16,0,12,12,16,0,,,,,informative
cf-01028,14,14,16,0,16,12,16,0,16,7,16,0,,,,,informative
cf-01029,0,0,16,0,0,0,16,0,0,0,16,0,0,0,16,0,impossible
cf-01030,8,8,16,0,15,15,16,0,14,13,16,0,16,14,16,0,informative
cf-01031,15,15,16,0,16,15,16,0,16,16,16,0,,,,,informative
cf-01032,5,5,16,0,10,10,16,0,10,10,16,0,0,0,16,15,informative
cf-01033,6,6,16,0,16,12,16,0,16,14,16,0,4,3,16,12,informative
cf-01034,0,0,16,0,0,0,16,0,0,0,16,0,,,,,impossible
cf-01035,8,8,16,0,15,14,16,0,12,12,16,0,,,,,informative
cf-01036,11,11,16,0,13,13,16,0,13,13,16,0,,,,,informative
cf-01038,15,7,16,0,16,7,16,0,16,4,16,0,,,,,informative
cf-01039,8,8,16,0,15,14,16,0,15,14,16,0,16,16,16,0,informative
cf-01040,13,13,16,0,13,13,16,0,12,12,16,0,13,13,16,0,informative
cf-01041,9,9,16,0,16,16,16,0,15,15,16,0,,,,,informative
cf-01044,15,15,16,0,15,12,16,0,12,12,16,0,9,5,16,7,informative
cf-01047,14,14,16,0,12,12,16,0,15,15,16,0,1,1,16,15,informative
cf-01048,2,2,16,0,7,7,16,0,9,9,16,0,,,,,informative
cf-01049,10,10,16,0,8,8,16,0,7,7,16,0,,,,,informative
cf-01052,2,2,16,0,7,7,16,0,10,10,16,0,,,,,informative
cf-01055,5,5,16,0,14,13,16,0,16,14,16,0,,,,,informative
cf-01057,15,9,16,0,16,16,16,0,16,16,16,0,16,16,16,0,informative
cf-01059,15,15,16,0,11,11,16,0,16,16,16,0,10,9,16,0,informative
cf-01061,0,0,16,0,0,0,16,0,0,0,16,0,,,,,impossible
cf-01064,0,0,16,0,0,0,16,0,0,0,16,0,0,0,16,10,impossible
cf-01065,15,2,16,0,16,2,16,0,16,2,16,0,16,2,16,0,informative
cf-01066,0,0,16,0,0,0,16,0,0,0,16,0,,,,,impossible
cf-01069,5,5,16,0,15,15,16,0,16,16,16,0,,,,,informative
cf-01070,3,3,16,0,10,10,16,0,14,14,16,0,,,,,informative
cf-01071,15,13,16,0,16,12,16,0,16,14,16,0,,,,,informative
cf-01073,14,11,16,0,15,6,16,0,16,7,16,0,16,7,16,0,informative
cf-01074,9,9,16,0,15,15,16,0,12,12,16,0,15,15,16,0,informative
cf-01075,12,7,16,0,16,6,16,0,16,5,16,0,,,,,informative
cf-01077,9,9,16,0,16,11,16,0,16,11,16,0,7,3,16,9,informative
cf-01078,15,15,16,0,14,14,16,0,15,15,16,0,0,0,16,16,informative
cf-01079,15,14,16,0,16,11,16,0,16,10,16,0,,,,,informative
cf-01082,0,0,16,0,2,2,16,0,3,3,16,0,,,,,impossible
cf-01084,7,7,16,0,12,12,16,0,15,15,16,0,,,,,informative
cf-01085,14,14,16,0,13,13,16,0,14,12,16,0,,,,,informative
cf-01088,15,8,16,0,15,6,16,0,13,4,16,0,13,5,16,0,informative
cf-01089,11,11,16,0,10,10,16,0,11,11,16,0,7,7,16,0,informative
cf-01090,12,12,16,0,12,12,16,0,11,11,16,0,,,,,informative
cf-01091,4,4,16,0,8,8,16,0,10,10,16,0,0,0,16,16,informative
cf-01092,15,8,16,0,16,5,16,0,16,3,16,0,15,3,16,1,informative
cf-01093,0,0,16,0,4,3,16,0,8,4,16,0,,,,,impossible
cf-01094,11,9,16,0,16,10,16,0,16,8,16,0,,,,,informative
cf-01098,12,12,16,0,7,6,16,0,4,3,16,0,,,,,informative
cf-01099,14,14,16,0,16,15,16,0,16,12,16,0,,,,,informative
cf-01101,0,0,16,0,0,0,16,0,0,0,16,0,0,0,16,0,impossible
cf-01102,0,0,16,0,0,0,16,0,0,0,16,0,0,0,16,0,impossible
cf-01104,15,11,16,0,16,8,16,0,16,5,16,0,,,,,informative
cf-01106,0,0,16,0,2,2,16,0,0,0,16,0,0,0,16,15,impossible
cf-01108,6,6,16,0,15,15,16,0,12,12,16,0,2,1,16,14,informative
cf-01109,9,9,16,0,14,8,16,0,13,4,16,0,,,,,informative
cf-01112,0,0,16,0,0,0,16,0,0,0,16,0,,,,,impossible
cf-01115,12,12,16,0,16,16,16,0,16,16,16,0,,,,,informative
cf-01116,15,7,16,0,16,4,16,0,16,2,16,0,,,,,informative
cf-01118,2,2,16,0,4,2,16,0,7,5,16,0,11,11,16,0,informative
cf-01122,9,9,16,0,14,13,16,0,15,15,16,0,14,14,16,0,informative
cf-01124,15,15,16,0,16,14,16,0,15,10,16,0,,,,,informative
cf-01125,0,0,16,0,0,0,16,0,0,0,16,0,0,0,16,16,impossible
cf-01127,0,0,16,0,0,0,16,0,0,0,16,0,0,0,16,16,impossible
cf-01128,9,9,16,0,13,13,16,0,11,10,16,0,,,,,informative
cf-01129,9,9,16,0,12,12,16,0,16,16,16,0,,,,,informative
cf-01130,0,0,16,0,0,0,16,0,0,0,16,0,,,,,impossible
cf-01131,15,15,16,0,15,15,16,0,14,14,16,0,,,,,informative
cf-01132,3,3,16,0,7,7,16,0,14,14,16,0,15,15,16,0,informative
cf-01134,0,0,16,0,0,0,16,0,0,0,16,0,0,0,16,0,impossible
cf-01136,6,6,16,0,14,5,16,0,14,6,16,0,,,,,informative
cf-01137,8,4,16,0,14,5,16,0,16,3,16,0,16,2,16,0,informative
cf-01138,9,9,16,0,12,12,16,0,14,14,16,0,0,0,16,16,informative
cf-01139,3,3,16,0,10,8,16,0,9,9,16,0,,,,,informative
cf-01140,7,7,16,0,7,7,16,0,6,6,16,0,,,,,informative
cf-01141,6,6,16,0,4,4,16,0,1,1,16,0,,,,,informative
cf-01142,7,7,16,0,15,13,16,0,16,15,16,0,,,,,informative
cf-01145,2,2,16,0,10,10,16,0,8,8,16,0,7,7,16,0,informative
cf-01149,15,14,16,0,16,16,16,0,16,13,16,0,16,12,16,0,informative
cf-01150,1,1,16,0,7,4,16,0,15,6,16,0,,,,,informative
cf-01151,14,6,16,0,16,3,16,0,16,4,16,0,16,3,16,0,informative
cf-01153,13,12,16,0,16,10,16,0,16,6,16,0,16,4,16,0,informative
cf-01154,1,1,16,0,4,4,16,0,7,4,16,0,,,,,informative
cf-01158,15,13,16,0,14,11,16,0,16,9,16,0,,,,,informative
cf-01160,6,6,16,0,15,14,16,0,16,16,16,0,,,,,informative
cf-01161,15,14,16,0,16,16,16,0,16,12,16,0,,,,,informative
cf-01162,7,7,16,0,14,9,16,0,15,11,16,0,13,9,16,0,informative
cf-01164,8,8,16,0,10,10,16,0,10,10,16,0,13,13,16,0,informative
cf-01165,4,4,16,0,7,7,16,0,5,5,16,0,,,,,informative
cf-01166,0,0,16,0,0,0,16,0,0,0,16,0,0,0,16,16,impossible
cf-01167,6,6,16,0,15,11,16,0,16,8,16,0,14,4,16,2,informative
cf-01168,0,0,16,0,0,0,16,0,0,0,16,0,,,,,impossible
cf-01170,15,13,16,0,16,11,16,0,15,9,16,0,,,,,informative
cf-01171,0,0,16,0,0,0,16,0,0,0,16,0,,,,,impossible
cf-01173,2,2,16,0,3,3,16,0,0,0,16,0,,,,,informative
cf-01174,14,14,16,0,16,16,16,0,16,16,16,0,16,14,16,0,informative
cf-01175,13,13,16,0,16,16,16,0,16,14,16,0,16,15,16,0,informative
cf-01178,8,8,16,0,15,12,16,0,14,11,16,0,,,,,informative
cf-01179,15,8,16,0,16,8,16,0,16,7,16,0,14,3,16,2,informative
cf-01180,10,10,16,0,7,7,16,0,2,1,16,0,0,0,16,10,informative
cf-01181,5,5,16,0,13,11,16,0,16,8,16,0,,,,,informative
cf-01182,0,0,16,0,1,1,16,0,5,4,16,0,,,,,impossible
cf-01183,15,15,16,0,16,12,16,0,16,8,16,0,,,,,informative
cf-01184,8,8,16,0,13,12,16,0,11,11,16,0,,,,,informative
cf-01186,2,2,16,0,6,6,16,0,2,2,16,0,1,1,16,0,informative
cf-01187,5,5,16,0,13,4,16,0,16,5,16,0,16,4,16,0,informative
cf-01189,14,12,16,0,16,3,16,0,16,3,16,0,,,,,informative
cf-01191,15,15,16,0,16,12,16,0,16,9,16,0,14,5,16,2,informative
cf-01192,10,10,16,0,16,15,16,0,16,11,16,0,10,7,16,6,informative
cf-01193,0,0,16,0,0,0,16,0,4,4,16,0,,,,,impossible
cf-01195,12,12,16,0,14,14,16,0,13,12,16,0,,,,,informative
cf-01196,0,0,16,0,0,0,16,0,0,0,16,0,,,,,impossible
cf-01197,4,4,16,0,10,10,16,0,8,8,16,0,,,,,informative
cf-01198,2,2,16,0,2,2,16,0,0,0,16,0,0,0,16,0,informative
cf-01199,14,14,16,0,15,15,16,0,15,15,16,0,16,16,16,0,informative
cf-01200,0,0,16,0,0,0,16,0,0,0,16,0,,,,,impossible
cf-01201,0,0,16,0,0,0,16,0,0,0,16,0,0,0,16,16,impossible
cf-01203,6,6,16,0,15,15,16,0,14,11,16,0,5,1,16,11,informative
cf-01204,9,9,16,0,8,8,16,0,12,12,16,0,,,,,informative
cf-01205,8,8,16,0,2,2,16,0,0,0,16,0,,,,,informative
cf-01207,12,10,16,0,13,6,16,0,14,5,16,0,,,,,informative
cf-01208,11,11,16,0,16,16,16,0,16,13,16,0,,,,,informative
cf-01209,0,0,16,0,0,0,16,0,0,0,16,0,0,0,16,0,impossible
cf-01211,12,12,16,0,12,12,16,0,14,14,16,0,15,15,16,0,informative
cf-01213,8,8,16,0,11,10,16,0,8,8,16,0,,,,,informative
cf-01214,0,0,16,0,0,0,16,0,0,0,16,0,0,0,16,16,impossible
cf-01217,14,14,16,0,16,16,16,0,16,11,16,0,5,3,16,11,informative
cf-01218,3,3,16,0,9,9,16,0,7,7,16,0,,,,,informative
cf-01220,15,14,16,0,16,8,16,0,16,5,16,0,,,,,informative
cf-01222,0,0,16,0,0,0,16,0,0,0,16,0,,,,,impossible
cf-01223,0,0,16,0,0,0,16,0,0,0,16,0,,,,,impossible
cf-01224,11,6,16,0,12,6,16,0,11,6,16,0,13,10,16,0,informative
cf-01226,10,9,16,0,0,0,16,0,0,0,16,0,0,0,16,0,informative
cf-01227,1,1,16,0,4,4,16,0,2,2,16,0,,,,,informative
cf-01228,0,0,16,0,0,0,16,0,0,0,16,0,0,0,16,16,impossible
cf-01229,14,5,16,0,16,3,16,0,16,2,16,0,16,2,16,0,informative
cf-01230,0,0,16,0,0,0,16,0,0,0,16,0,,,,,impossible
cf-01231,8,8,16,0,6,6,16,0,7,7,16,0,,,,,informative
cf-01232,15,14,16,0,13,11,16,0,15,8,16,0,,,,,informative
cf-01233,13,7,16,0,16,5,16,0,16,4,16,0,,,,,informative
cf-01234,15,15,16,0,16,16,16,0,16,13,16,0,16,11,16,0,informative
cf-01235,0,0,16,0,0,0,16,0,0,0,16,0,0,0,16,0,impossible
cf-01237,0,0,16,0,0,0,16,0,0,0,16,0,,,,,impossible
cf-01238,2,2,16,0,7,6,16,0,11,9,16,0,6,4,16,10,informative
cf-01239,0,0,16,0,0,0,16,0,0,0,16,0,0,0,16,16,impossible
cf-01240,12,12,16,0,12,12,16,0,11,11,16,0,,,,,informative
cf-01243,2,2,16,0,7,7,16,0,8,8,16,0,,,,,informative
cf-01244,1,1,16,0,11,7,16,0,16,6,16,0,,,,,informative
cf-01245,14,14,16,0,16,15,16,0,16,16,16,0,,,,,informative
cf-01247,9,9,16,0,15,15,16,0,16,16,16,0,15,15,16,0,informative
cf-01248,14,14,16,0,14,14,16,0,15,15,16,0,15,12,16,0,informative
cf-01249,9,9,16,0,14,14,16,0,15,15,16,0,,,,,informative
cf-01251,7,7,16,0,4,4,16,0,3,3,16,0,0,0,16,16,informative
cf-01253,9,9,16,0,16,15,16,0,15,14,16,0,4,2,16,12,informative
cf-01254,12,7,16,0,16,6,16,0,16,4,16,0,,,,,informative
cf-01255,11,11,16,0,16,16,16,0,16,16,16,0,,,,,informative
cf-01256,15,15,16,0,16,15,16,0,16,16,16,0,,,,,informative
cf-01257,6,3,16,0,6,3,16,0,2,1,16,0,,,,,informative
cf-01259,10,3,16,0,16,1,16,0,16,1,16,0,16,1,16,0,informative
cf-01260,0,0,16,0,0,0,16,0,1,1,16,0,1,1,16,0,impossible
cf-01262,15,2,16,0,15,1,16,0,16,1,16,0,,,,,informative
cf-01263,10,10,16,0,16,16,16,0,16,16,16,0,0,0,16,16,informative
cf-01265,12,12,16,0,14,14,16,0,14,14,16,0,0,0,16,16,informative
cf-01266,11,11,16,0,13,13,16,0,15,15,16,0,,,,,informative
cf-01267,0,0,16,0,0,0,16,0,0,0,16,0,,,,,impossible
cf-01269,9,9,16,0,9,9,16,0,7,7,16,0,,,,,informative
cf-01270,12,7,16,0,4,3,16,0,1,1,16,0,,,,,informative
cf-01271,0,0,16,0,0,0,16,0,0,0,16,0,0,0,16,0,impossible
cf-01273,9,9,16,0,16,16,16,0,16,16,16,0,16,15,16,0,informative
cf-01274,15,15,16,0,16,15,16,0,16,14,16,0,,,,,informative
cf-01275,15,15,16,0,16,16,16,0,16,16,16,0,0,0,16,16,informative
cf-01276,3,3,16,0,5,5,16,0,4,4,16,0,1,1,16,13,informative
cf-01277,9,9,16,0,13,13,16,0,15,15,16,0,,,,,informative
cf-01278,2,2,16,0,9,9,16,0,6,6,16,0,,,,,informative
cf-01279,2,2,16,0,13,7,16,0,16,10,16,0,,,,,informative
cf-01280,11,11,16,0,15,13,16,0,16,12,16,0,,,,,informative
cf-01281,6,6,16,0,12,11,16,0,15,15,16,0,16,16,16,0,informative
cf-01283,14,12,16,0,16,13,16,0,16,10,16,0,16,9,16,0,informative
cf-01285,6,6,16,0,9,9,16,0,1,1,16,0,,,,,informative
cf-01286,9,9,16,0,16,14,16,0,16,11,16,0,12,4,16,4,informative
cf-01287,3,3,16,0,10,10,16,0,16,16,16,0,0,0,16,16,informative
cf-01288,10,10,16,0,15,13,16,0,16,14,16,0,,,,,informative
cf-01289,10,10,16,0,10,10,16,0,9,9,16,0,,,,,informative
cf-01290,1,1,16,0,8,5,16,0,14,12,16,0,,,,,informative
cf-01292,0,0,16,0,0,0,16,0,0,0,16,0,,,,,impossible
cf-01293,13,13,16,0,13,13,16,0,10,10,16,0,10,10,16,0,informative
cf-01294,11,11,16,0,15,15,16,0,15,15,16,0,15,15,16,0,informative
cf-01296,13,13,16,0,15,15,16,0,14,14,16,0,,,,,informative
cf-01299,15,15,16,0,16,16,16,0,16,15,16,0,1,1,16,15,informative
cf-01300,5,5,16,0,16,16,16,0,16,16,16,0,0,0,16,16,informative
cf-01301,2,2,16,0,2,2,16,0,0,0,16,0,,,,,informative
cf-01302,0,0,16,0,0,0,16,0,0,0,16,0,,,,,impossible
cf-01304,0,0,16,0,0,0,16,0,0,0,16,0,,,,,impossible
cf-01306,10,10,16,0,15,15,16,0,15,15,16,0,,,,,informative
cf-01309,15,15,16,0,14,14,16,0,16,16,16,0,16,16,16,0,informative
cf-01311,0,0,16,0,0,0,16,0,0,0,16,0,0,0,16,0,impossible
cf-01313,4,4,16,0,12,12,16,0,14,14,16,0,,,,,informative
cf-01314,2,2,16,0,6,6,16,0,13,13,16,0,2,2,16,14,informative
cf-01317,8,8,16,0,16,16,16,0,16,16,16,0,0,0,16,16,informative
cf-01318,12,12,16,0,14,14,16,0,15,15,16,0,,,,,informative
cf-01319,2,2,16,0,6,6,16,0,8,7,16,0,,,,,informative
cf-01320,0,0,16,0,0,0,16,0,0,0,16,0,,,,,impossible
cf-01322,10,10,16,0,14,14,16,0,16,16,16,0,,,,,informative
cf-01324,1,1,16,0,0,0,16,0,0,0,16,0,0,0,16,0,informative
cf-01327,8,7,16,0,14,6,16,0,16,4,16,0,16,3,16,0,informative
cf-01328,2,2,16,0,2,1,16,0,2,2,16,0,,,,,informative
cf-01329,2,2,16,0,1,1,16,0,3,3,16,0,0,0,16,13,informative
cf-01330,7,7,16,0,15,7,16,0,16,5,16,0,16,2,16,0,informative
cf-01331,15,15,16,0,15,14,16,0,15,13,16,0,,,,,informative
cf-01332,8,8,16,0,10,10,16,0,11,11,16,0,,,,,informative
cf-01333,0,0,16,0,0,0,16,0,0,0,16,0,,,,,impossible
cf-01339,0,0,16,0,0,0,16,0,0,0,16,0,,,,,impossible
cf-01341,10,10,16,0,12,12,16,0,14,14,16,0,15,15,16,0,informative
cf-01342,1,1,16,0,4,4,16,0,7,7,16,0,11,11,16,0,informative
cf-01344,0,0,16,0,0,0,16,0,0,0,16,0,,,,,impossible
cf-01345,12,12,16,0,16,13,16,0,16,10,16,0,11,6,16,5,informative
cf-01346,2,2,16,0,8,8,16,0,8,8,16,0,0,0,16,16,informative
cf-01347,8,8,16,0,12,12,16,0,13,13,16,0,,,,,informative
cf-01349,5,3,16,0,15,6,16,0,13,7,16,0,,,,,informative
cf-01351,4,4,16,0,10,10,16,0,15,15,16,0,,,,,informative
cf-01352,6,6,16,0,7,7,16,0,5,5,16,0,,,,,informative
cf-01353,14,14,16,0,15,15,16,0,16,15,16,0,16,14,16,0,informative
cf-01355,0,0,16,0,1,1,16,0,1,1,16,0,4,4,16,0,impossible
cf-01358,8,8,16,0,15,14,16,0,14,14,16,0,,,,,informative
cf-01359,15,12,16,0,16,4,16,0,16,3,16,0,16,3,16,0,informative
cf-01360,1,1,16,0,0,0,16,0,0,0,16,0,0,0,16,16,informative
cf-01361,2,2,16,0,7,5,16,0,14,11,16,0,,,,,informative
cf-01363,12,12,16,0,15,15,16,0,16,16,16,0,,,,,informative
cf-01365,14,14,16,0,15,14,16,0,16,16,16,0,,,,,informative
cf-01366,0,0,16,0,2,2,16,0,5,4,16,0,,,,,impossible
cf-01368,0,0,16,0,0,0,16,0,0,0,16,0,0,0,16,0,impossible
cf-01370,15,15,16,0,16,16,16,0,16,16,16,0,16,13,16,0,informative
cf-01372,5,5,16,0,10,10,16,0,7,7,16,0,,,,,informative
cf-01373,0,0,16,0,4,4,16,0,12,12,16,0,0,0,16,16,impossible
cf-01374,15,11,16,0,16,9,16,0,16,8,16,0,13,5,16,3,informative
cf-01376,0,0,16,0,0,0,16,0,0,0,16,0,,,,,impossible
cf-01377,3,3,16,0,6,4,16,0,8,5,16,0,,,,,informative
cf-01378,15,15,16,0,16,16,16,0,16,16,16,0,,,,,informative
cf-01379,14,14,16,0,14,12,16,0,15,15,16,0,,,,,informative
cf-01380,0,0,16,0,0,0,16,0,0,0,16,0,0,0,16,0,impossible
cf-01382,13,13,16,0,15,12,16,0,16,13,16,0,16,12,16,0,informative
cf-01384,2,2,16,0,6,6,16,0,7,5,16,0,,,,,informative
cf-01387,15,15,16,0,12,11,16,0,15,14,16,0,3,3,16,13,informative
cf-01389,0,0,16,0,0,0,16,0,0,0,16,0,0,0,16,16,impossible
cf-01392,0,0,16,0,0,0,16,0,1,1,16,0,,,,,impossible
cf-01393,15,15,16,0,15,15,16,0,16,16,16,0,,,,,informative
cf-01394,7,7,16,0,14,14,16,0,15,15,16,0,,,,,informative
cf-01396,6,6,16,0,9,9,16,0,10,10,16,0,,,,,informative
cf-01397,0,0,16,0,0,0,16,0,0,0,16,0,0,0,16,0,impossible
cf-01398,15,8,16,0,14,6,16,0,11,6,16,0,15,3,16,0,informative
cf-01399,10,10,16,0,14,14,16,0,14,12,16,0,,,,,informative
cf-01402,3,3,16,0,7,5,16,0,5,5,16,0,1,1,16,14,informative
cf-01403,3,3,16,0,12,12,16,0,13,13,16,0,1,1,16,15,informative
cf-01405,6,6,16,0,8,8,16,0,12,12,16,0,,,,,informative
cf-01406,0,0,16,0,0,0,16,0,0,0,16,0,,,,,impossible
cf-01407,1,1,16,0,4,4,16,0,5,5,16,0,,,,,informative
cf-01408,10,10,16,0,15,15,16,0,16,16,16,0,,,,,informative
cf-01411,3,3,16,0,8,7,16,0,11,8,16,0,13,10,16,0,informative
cf-01412,4,4,16,0,15,13,16,0,16,15,16,0,15,15,16,0,informative
cf-01413,12,12,16,0,16,16,16,0,14,14,16,0,,,,,informative
cf-01414,5,5,16,0,15,14,16,0,16,15,16,0,3,3,16,13,informative
cf-01415,0,0,16,0,1,1,16,0,4,4,16,0,0,0,16,15,impossible
cf-01416,1,1,16,0,1,1,16,0,2,2,16,0,,,,,informative
cf-01419,2,2,16,0,7,6,16,0,8,7,16,0,,,,,informative
cf-01420,14,14,16,0,14,14,16,0,11,10,16,0,,,,,informative
cf-01422,15,11,16,0,16,7,16,0,15,7,16,0,,,,,informative
cf-01423,15,15,16,0,16,9,16,0,16,10,16,0,16,5,16,0,informative
cf-01424,0,0,16,0,1,1,16,0,4,4,16,0,10,10,16,0,impossible
cf-01425,13,13,16,0,14,14,16,0,16,16,16,0,,,,,informative
cf-01427,0,0,16,0,0,0,16,0,0,0,16,0,0,0,16,0,impossible
cf-01428,0,0,16,0,0,0,16,0,0,0,16,0,0,0,16,14,impossible
cf-01429,10,10,16,0,13,13,16,0,11,11,16,0,,,,,informative
cf-01430,0,0,16,0,0,0,16,0,0,0,16,0,,,,,impossible
cf-01431,5,5,16,0,15,15,16,0,15,15,16,0,,,,,informative
cf-01432,0,0,16,0,0,0,16,0,0,0,16,0,,,,,impossible
cf-01433,3,3,16,0,3,3,16,0,3,3,16,0,6,6,16,0,informative
cf-01434,10,10,16,0,14,14,16,0,10,10,16,0,12,12,16,0,informative
cf-01435,13,12,16,0,15,14,16,0,16,13,16,0,,,,,informative
cf-01436,5,5,16,0,8,7,16,0,8,7,16,0,5,5,16,7,informative
cf-01439,15,15,16,0,13,13,16,0,15,12,16,0,4,4,16,12,informative
cf-01440,4,4,16,0,0,0,16,0,0,0,16,0,,,,,informative
cf-01441,12,12,16,0,16,16,16,0,16,16,16,0,,,,,informative
cf-01443,15,14,16,0,16,14,16,0,16,7,16,0,,,,,informative
cf-01445,0,0,16,0,16,10,16,0,16,11,16,0,,,,,impossible
cf-01446,4,4,16,0,9,9,16,0,7,7,16,0,5,5,16,0,informative
cf-01447,12,12,16,0,14,13,16,0,15,14,16,0,14,13,16,0,informative
cf-01450,0,0,16,0,0,0,16,0,0,0,16,0,,,,,impossible
cf-01451,1,1,16,0,2,2,16,0,2,2,16,0,0,0,16,16,informative
cf-01452,3,3,16,0,3,3,16,0,2,1,16,0,0,0,16,6,informative
cf-01454,0,0,16,0,0,0,16,0,0,0,16,0,,,,,impossible
cf-01455,12,12,16,0,13,13,16,0,12,11,16,0,,,,,informative
cf-01456,15,15,16,0,16,12,16,0,16,9,16,0,,,,,informative
cf-01459,1,1,16,0,0,0,16,0,0,0,16,0,,,,,informative
cf-01463,1,1,16,0,4,4,16,0,13,11,16,0,16,10,16,0,informative
cf-01465,0,0,16,0,0,0,16,0,0,0,16,0,0,0,16,0,impossible
cf-01466,0,0,16,0,0,0,16,0,0,0,16,0,,,,,impossible
cf-01467,0,0,16,0,0,0,16,0,0,0,16,0,0,0,16,15,impossible
cf-01469,0,0,16,0,0,0,16,0,0,0,16,0,0,0,16,14,impossible
cf-01470,6,6,16,0,15,15,16,0,16,16,16,0,,,,,informative
cf-01472,14,14,16,0,16,13,16,0,16,12,16,0,,,,,informative
cf-01473,13,13,16,0,13,13,16,0,14,14,16,0,,,,,informative
cf-01474,15,15,16,0,16,16,16,0,16,14,16,0,,,,,informative
cf-01475,0,0,16,0,0,0,16,0,0,0,16,0,0,0,16,0,impossible
cf-01476,6,6,16,0,12,12,16,0,16,16,16,0,16,16,16,0,informative
cf-01477,12,12,16,0,16,16,16,0,15,15,16,0,,,,,informative
cf-01479,10,10,16,0,15,15,16,0,16,16,16,0,1,1,16,15,informative
cf-01481,10,10,16,0,9,9,16,0,11,11,16,0,0,0,16,16,informative
cf-01482,0,0,16,0,0,0,16,0,0,0,16,0,,,,,impossible
cf-01483,0,0,16,0,3,3,16,0,3,3,16,0,,,,,impossible
cf-01486,9,9,16,0,15,15,16,0,14,13,16,0,,,,,informative
cf-01487,11,11,16,0,14,14,16,0,15,15,16,0,,,,,informative
cf-01488,14,14,16,0,15,15,16,0,16,14,16,0,16,13,16,0,informative
cf-01489,8,8,16,0,11,11,16,0,11,10,16,0,16,15,16,0,informative
cf-01490,10,10,16,0,13,13,16,0,14,14,16,0,,,,,informative
cf-01492,4,4,16,0,6,6,16,0,9,9,16,0,0,0,16,16,informative
cf-01493,14,13,16,0,16,16,16,0,15,14,16,0,3,3,16,13,informative
cf-01494,11,11,16,0,15,15,16,0,16,16,16,0,,,,,informative
cf-01498,10,10,16,0,11,11,16,0,7,7,16,0,,,,,informative
cf-01499,11,11,16,0,12,11,16,0,10,9,16,0,,,,,informative
cf-01500,10,10,16,0,16,14,16,0,16,16,16,0,,,,,informative
cf-01501,15,4,16,0,16,3,16,0,16,4,16,0,16,2,16,0,informative
cf-01502,1,1,16,0,2,2,16,0,5,4,16,0,14,5,16,0,informative
cf-01504,2,2,16,0,11,11,16,0,13,13,16,0,,,,,informative
cf-01505,15,15,16,0,14,13,16,0,14,13,16,0,10,6,16,6,informative
cf-01506,3,3,16,0,9,9,16,0,12,12,16,0,1,1,16,15,informative
cf-01507,8,8,16,0,12,10,16,0,11,11,16,0,,,,,informative
cf-01509,5,5,16,0,13,13,16,0,12,12,16,0,,,,,informative
cf-01510,8,8,16,0,14,14,16,0,16,16,16,0,,,,,informative
cf-01515,14,14,16,0,16,15,16,0,15,15,16,0,,,,,informative
cf-01516,6,6,16,0,13,13,16,0,14,14,16,0,15,15,16,0,informative
cf-01517,15,15,16,0,16,15,16,0,16,15,16,0,16,14,16,0,informative
cf-01518,15,3,16,0,16,4,16,0,16,4,16,0,,,,,informative
cf-01520,8,8,16,0,15,15,16,0,15,15,16,0,0,0,16,16,informative
cf-01521,4,4,16,0,13,11,16,0,14,13,16,0,0,0,16,16,informative
cf-01523,0,0,16,0,0,0,16,0,0,0,16,0,,,,,impossible
cf-01524,5,5,16,0,14,11,16,0,16,11,16,0,,,,,informative
cf-01525,0,0,16,0,0,0,16,0,0,0,16,0,,,,,impossible
cf-01527,6,6,16,0,14,11,16,0,15,14,16,0,,,,,informative
cf-01528,13,13,16,0,14,14,16,0,15,15,16,0,16,16,16,0,informative
cf-01529,14,14,16,0,14,14,16,0,14,11,16,0,16,6,16,0,informative
cf-01530,4,4,16,0,3,3,16,0,5,5,16,0,,,,,informative
cf-01532,5,5,16,0,16,16,16,0,16,16,16,0,0,0,16,16,informative
cf-01535,12,12,16,0,16,12,16,0,16,9,16,0,15,4,16,1,informative
cf-01536,1,1,16,0,3,3,16,0,2,2,16,0,,,,,informative
cf-01537,12,12,16,0,16,16,16,0,16,16,16,0,,,,,informative
cf-01538,12,12,16,0,11,11,16,0,10,10,16,0,,,,,informative
cf-01539,1,1,16,0,9,9,16,0,16,16,16,0,,,,,informative
cf-01541,0,0,16,0,0,0,16,0,0,0,16,0,0,0,16,0,impossible
cf-01542,10,9,16,0,16,14,16,0,16,15,16,0,15,13,16,0,informative
cf-01543,0,0,16,0,0,0,16,0,0,0,16,0,,,,,impossible
cf-01545,15,15,16,0,16,13,16,0,16,14,16,0,4,3,16,12,informative
cf-01547,15,12,16,0,16,11,16,0,16,11,16,0,8,3,16,8,informative
cf-01548,4,4,16,0,9,9,16,0,14,14,16,0,,,,,informative
cf-01550,15,12,16,0,16,8,16,0,16,4,16,0,,,,,informative
cf-01553,11,11,16,0,15,14,16,0,16,16,16,0,,,,,informative
cf-01554,14,14,16,0,15,11,16,0,15,13,16,0,,,,,informative
cf-01555,1,1,16,0,0,0,16,0,1,1,16,0,0,0,16,0,informative
cf-01556,0,0,16,0,0,0,16,0,0,0,16,0,0,0,16,0,impossible
cf-01557,15,15,16,0,16,16,16,0,16,13,16,0,,,,,informative
cf-01558,0,0,16,0,2,2,16,0,4,4,16,0,1,1,16,15,impossible
cf-01559,0,0,16,0,0,0,16,0,0,0,16,0,0,0,16,16,impossible
cf-01560,14,14,16,0,14,13,16,0,15,15,16,0,,,,,informative
cf-01561,15,15,16,0,16,16,16,0,16,16,16,0,,,,,informative
cf-01563,15,15,16,0,15,15,16,0,16,16,16,0,,,,,informative
cf-01564,12,12,16,0,16,14,16,0,16,13,16,0,,,,,informative
cf-01565,8,8,16,0,15,15,16,0,14,14,16,0,16,16,16,0,informative
cf-01566,5,5,16,0,12,12,16,0,14,14,16,0,16,16,16,0,informative
cf-01567,15,15,16,0,16,15,16,0,16,14,16,0,,,,,informative
cf-01568,14,14,16,0,10,10,16,0,15,15,16,0,0,0,16,16,informative
cf-01570,0,0,16,0,0,0,16,0,0,0,16,0,0,0,16,13,impossible
cf-01571,11,11,16,0,14,14,16,0,13,13,16,0,,,,,informative
cf-01572,10,10,16,0,14,14,16,0,13,13,16,0,,,,,informative
cf-01574,10,10,16,0,16,14,16,0,16,16,16,0,,,,,informative
cf-01575,3,3,16,0,8,8,16,0,12,9,16,0,,,,,informative
cf-01576,9,9,16,0,16,16,16,0,16,16,16,0,16,16,16,0,informative
cf-01577,13,13,16,0,16,15,16,0,16,14,16,0,16,13,16,0,informative
cf-01579,4,4,16,0,12,12,16,0,14,14,16,0,,,,,informative
cf-01583,14,10,16,0,16,3,16,0,16,2,16,0,16,2,16,0,informative
cf-01584,15,15,16,0,16,16,16,0,15,15,16,0,7,5,16,9,informative
cf-01585,15,15,16,0,16,15,16,0,16,13,16,0,,,,,informative
cf-01586,12,9,16,0,14,11,16,0,16,7,16,0,,,,,informative
cf-01587,14,14,16,0,14,14,16,0,16,15,16,0,,,,,informative
cf-01588,15,15,16,0,16,16,16,0,15,14,16,0,,,,,informative
cf-01592,3,3,16,0,0,0,16,0,1,1,16,0,1,1,16,0,informative
cf-01594,15,15,16,0,15,15,16,0,15,14,16,0,16,14,16,0,informative
cf-01596,11,11,16,0,14,14,16,0,15,15,16,0,,,,,informative
cf-01597,9,9,16,0,14,13,16,0,16,16,16,0,1,1,16,15,informative
cf-01598,3,3,16,0,11,11,16,0,12,12,16,0,0,0,16,16,informative
cf-01600,14,14,16,0,16,16,16,0,16,16,16,0,,,,,informative
cf-01601,15,14,16,0,14,13,16,0,11,10,16,0,,,,,informative
cf-01602,0,0,16,0,0,0,16,0,0,0,16,0,,,,,impossible
cf-01603,12,12,16,0,15,15,16,0,16,16,16,0,,,,,informative
cf-01605,13,13,16,0,13,13,16,0,8,8,16,0,13,12,16,0,informative
cf-01606,13,13,16,0,16,15,16,0,15,13,16,0,15,8,16,0,informative
cf-01607,5,5,16,0,6,6,16,0,7,7,16,0,,,,,informative
cf-01608,0,0,16,0,0,0,16,0,0,0,16,0,0,0,16,16,impossible
cf-01609,0,0,16,0,0,0,16,0,0,0,16,0,0,0,16,16,impossible
cf-01610,0,0,16,0,0,0,16,0,0,0,16,0,,,,,impossible
cf-01611,10,7,16,0,13,7,16,0,16,5,16,0,,,,,informative
cf-01612,3,3,16,0,10,10,16,0,14,14,16,0,,,,,informative
cf-01613,0,0,16,0,0,0,16,0,0,0,16,0,,,,,impossible
cf-01614,0,0,16,0,0,0,16,0,0,0,16,0,0,0,16,0,impossible
cf-01615,13,11,16,0,14,11,16,0,14,7,16,0,10,6,16,0,informative
